Ticker,Date,Open,High,Low,Close,Volume,Chatter,AnalystRating,AnalystCount,PriceTarget
PSN,"Aug 18, 2026",45.94,46.34,45.71,46.3,48911,normal,Buy,14,58.55
PSN,"Aug 17, 2026",47.45,47.84,45.65,45.76,1104733,normal,Buy,14,58.55
PSN,"Aug 14, 2026",47.83,48.07,46.88,47.9,660254,normal,Buy,14,58.55
PSN,"Aug 13, 2026",48.28,48.95,46.59,47.59,1035921,normal,Buy,14,58.55
PSN,"Aug 12, 2026",47.45,48.31,46.93,48.28,948551,normal,Buy,14,58.55
PSN,"Aug 11, 2026",47.44,48.49,47.05,48.25,1114201,normal,Buy,14,58.55
PSN,"Aug 10, 2026",47.26,47.37,45.92,46.13,1190430,normal,Buy,14,58.55
PSN,"Aug 7, 2026",48.6,48.79,46.8,47.55,1101606,normal,Buy,14,58.55
PSN,"Aug 6, 2026",47.79,49.32,47.27,47.91,1691950,normal,Buy,14,58.55
PSN,"Aug 5, 2026",49.12,49.12,46.33,47.78,1999668,normal,Buy,14,58.55
PSN,"Aug 4, 2026",48.0,49.0,47.43,48.59,2021425,normal,Buy,14,58.55
PSN,"Aug 3, 2026",45.0,47.91,45.0,47.61,2444664,normal,Buy,14,58.55
PSN,"Jul 31, 2026",42.83,45.47,42.35,44.21,2775456,normal,Buy,14,58.55
PSN,"Jul 30, 2026",40.68,43.46,40.26,43.17,4491405,normal,Buy,14,58.55
PSN,"Jul 29, 2026",46.99,47.99,36.26,40.32,12046101,normal,Buy,14,58.55
PSN,"Jul 28, 2026",60.26,62.3,60.0,62.03,1245574,normal,Buy,14,58.55
PSN,"Jul 27, 2026",59.99,60.24,58.8,59.47,835262,normal,Buy,14,58.55
PSN,"Jul 24, 2026",59.12,61.59,58.63,58.73,1104041,normal,Buy,14,58.55
PSN,"Jul 23, 2026",57.45,60.06,57.45,58.46,1418959,normal,Buy,14,58.55
PSN,"Jul 22, 2026",55.82,57.86,55.46,57.58,778272,normal,Buy,14,58.55
PSN,"Jul 21, 2026",54.64,55.91,54.6,55.18,517683,normal,Buy,14,58.55
PSN,"Jul 20, 2026",55.95,56.7,55.01,55.48,645128,normal,Buy,14,58.55
PSN,"Jul 17, 2026",57.63,58.35,55.51,56.05,1250942,normal,Buy,14,58.55
PSN,"Jul 16, 2026",55.98,58.0,55.49,57.88,631152,normal,Buy,14,58.55
PSN,"Jul 15, 2026",54.48,57.19,54.48,56.62,940636,normal,Buy,14,58.55
PSN,"Jul 14, 2026",54.39,54.92,53.81,54.03,771260,normal,Buy,14,58.55
PSN,"Jul 13, 2026",55.06,56.94,54.48,54.86,681197,normal,Buy,14,58.55
PSN,"Jul 10, 2026",56.41,56.85,54.64,55.62,1025060,normal,Buy,14,58.55
PSN,"Jul 9, 2026",55.29,56.14,54.82,55.88,700820,normal,Buy,14,58.55
PSN,"Jul 8, 2026",55.83,56.92,55.7,56.63,1043434,normal,Buy,14,58.55
BILL,"Aug 17, 2026",49.05,49.4,48.09,48.5,2222524,normal,Buy,22,54.57
BILL,"Aug 14, 2026",51.33,51.91,48.85,49.78,1781814,normal,Buy,22,54.57
BILL,"Aug 13, 2026",49.05,52.6,47.43,51.31,4831116,normal,Buy,22,54.57
BILL,"Aug 12, 2026",48.31,49.43,47.81,48.7,2053299,normal,Buy,22,54.57
BILL,"Aug 11, 2026",48.99,49.98,48.8,49.48,2020359,normal,Buy,22,54.57
BILL,"Aug 10, 2026",47.43,49.34,47.42,49.26,1674001,normal,Buy,22,54.57
BILL,"Aug 7, 2026",48.0,48.84,47.64,47.99,1683247,normal,Buy,22,54.57
BILL,"Aug 6, 2026",46.76,47.66,46.68,47.0,1926622,normal,Buy,22,54.57
BILL,"Aug 5, 2026",49.12,49.61,48.08,48.32,2218683,normal,Buy,22,54.57
BILL,"Aug 4, 2026",46.37,48.83,46.15,48.57,2566827,normal,Buy,22,54.57
BILL,"Aug 3, 2026",46.11,47.72,46.11,47.22,2988105,normal,Buy,22,54.57
BILL,"Jul 31, 2026",44.95,46.11,44.6,45.13,2205265,normal,Buy,22,54.57
BILL,"Jul 30, 2026",47.15,47.15,44.05,45.39,2321023,normal,Buy,22,54.57
BILL,"Jul 29, 2026",46.44,48.18,46.44,47.41,2628250,normal,Buy,22,54.57
BILL,"Jul 28, 2026",45.32,47.45,45.32,46.36,2641581,normal,Buy,22,54.57
BILL,"Jul 27, 2026",44.78,45.72,44.3,44.9,2360406,normal,Buy,22,54.57
BILL,"Jul 24, 2026",42.52,43.74,41.97,43.51,1690866,normal,Buy,22,54.57
BILL,"Jul 23, 2026",42.48,42.7,40.88,41.26,1884108,normal,Buy,22,54.57
BILL,"Jul 22, 2026",44.2,44.2,41.56,41.89,2301199,normal,Buy,22,54.57
BILL,"Jul 21, 2026",44.26,45.69,43.39,44.26,2256800,normal,Buy,22,54.57
BILL,"Jul 20, 2026",44.18,46.5,44.08,45.18,2541515,normal,Buy,22,54.57
BILL,"Jul 17, 2026",44.52,45.19,43.91,44.71,2952130,normal,Buy,22,54.57
BILL,"Jul 16, 2026",44.81,45.2,44.53,44.66,2515564,normal,Buy,22,54.57
BILL,"Jul 15, 2026",42.12,45.01,41.85,44.63,3834450,normal,Buy,22,54.57
BILL,"Jul 14, 2026",41.26,42.55,40.75,41.37,1926605,normal,Buy,22,54.57
BILL,"Jul 13, 2026",41.97,43.0,41.71,42.86,2183187,normal,Buy,22,54.57
BILL,"Jul 10, 2026",41.51,41.81,40.79,41.36,1876875,normal,Buy,22,54.57
BILL,"Jul 9, 2026",38.18,40.55,37.57,40.52,2090891,normal,Buy,22,54.57
BILL,"Jul 8, 2026",39.89,40.52,38.77,39.3,1722869,normal,Buy,22,54.57
BILL,"Jul 7, 2026",41.2,41.52,40.3,40.68,1995742,normal,Buy,22,54.57
OCTV,"Aug 18, 2026",17.92,18.0,17.78,18.05,373963,normal,Buy,7,22.5
OCTV,"Aug 17, 2026",18.5,18.54,17.73,18.02,1646314,normal,Buy,7,22.5
OCTV,"Aug 14, 2026",19.4,19.65,18.75,18.91,2818550,normal,Buy,7,22.5
OCTV,"Aug 13, 2026",19.3,19.51,18.01,18.91,3182652,normal,Buy,7,22.5
OCTV,"Aug 12, 2026",16.66,19.62,16.66,19.08,7793542,normal,Buy,7,22.5
OCTV,"Aug 11, 2026",19.32,19.79,19.06,19.72,1917507,normal,Buy,7,22.5
OCTV,"Aug 10, 2026",19.36,19.66,19.3,19.43,2238221,normal,Buy,7,22.5
OCTV,"Aug 7, 2026",19.51,19.86,19.49,19.68,830458,normal,Buy,7,22.5
OCTV,"Aug 6, 2026",19.48,19.53,19.05,19.42,818978,normal,Buy,7,22.5
OCTV,"Aug 5, 2026",19.65,19.87,19.53,19.59,1633583,normal,Buy,7,22.5
OCTV,"Aug 4, 2026",19.18,19.71,19.16,19.65,1528218,normal,Buy,7,22.5
OCTV,"Aug 3, 2026",18.48,19.25,18.44,19.13,2925291,normal,Buy,7,22.5
OCTV,"Jul 31, 2026",17.85,18.39,17.78,18.24,859735,normal,Buy,7,22.5
OCTV,"Jul 30, 2026",17.46,17.99,17.31,17.97,644007,normal,Buy,7,22.5
OCTV,"Jul 29, 2026",17.31,17.88,17.31,17.55,935950,normal,Buy,7,22.5
OCTV,"Jul 28, 2026",16.93,17.5,16.89,17.38,719218,normal,Buy,7,22.5
OCTV,"Jul 27, 2026",16.72,17.0,16.64,16.99,779579,normal,Buy,7,22.5
OCTV,"Jul 24, 2026",16.06,16.63,15.92,16.32,1440040,normal,Buy,7,22.5
OCTV,"Jul 23, 2026",15.55,15.84,15.41,15.5,745183,normal,Buy,7,22.5
OCTV,"Jul 22, 2026",16.23,16.39,15.66,15.71,829764,normal,Buy,7,22.5
OCTV,"Jul 21, 2026",15.85,16.29,15.83,16.13,684241,normal,Buy,7,22.5
OCTV,"Jul 20, 2026",16.04,16.19,15.93,16.07,661452,normal,Buy,7,22.5
OCTV,"Jul 17, 2026",16.71,16.85,16.42,16.45,1007083,normal,Buy,7,22.5
OCTV,"Jul 16, 2026",16.87,16.96,16.59,16.88,938598,normal,Buy,7,22.5
OCTV,"Jul 15, 2026",16.66,17.02,16.61,17.01,540350,normal,Buy,7,22.5
OCTV,"Jul 14, 2026",16.57,17.01,16.56,16.62,716755,normal,Buy,7,22.5
OCTV,"Jul 13, 2026",16.66,17.03,16.51,16.95,977933,normal,Buy,7,22.5
OCTV,"Jul 10, 2026",17.23,17.36,16.97,17.0,1363829,normal,Buy,7,22.5
OCTV,"Jul 9, 2026",16.72,17.25,16.69,17.23,1106302,normal,Buy,7,22.5
OCTV,"Jul 8, 2026",16.69,16.93,16.61,16.92,876845,normal,Buy,7,22.5
EWTX,"Aug 17, 2026",43.78,44.39,42.59,44.04,796730,normal,Buy,13,51.15
EWTX,"Aug 14, 2026",42.75,44.24,41.98,44.17,779888,normal,Buy,13,51.15
EWTX,"Aug 13, 2026",44.14,44.14,42.94,43.18,854110,normal,Buy,13,51.15
EWTX,"Aug 12, 2026",44.49,44.75,43.22,43.56,995710,normal,Buy,13,51.15
EWTX,"Aug 11, 2026",44.74,45.75,43.73,44.31,1088170,normal,Buy,13,51.15
EWTX,"Aug 10, 2026",43.71,44.88,42.5,44.58,1945749,normal,Buy,13,51.15
EWTX,"Aug 7, 2026",44.0,44.2,42.46,43.52,1407229,normal,Buy,13,51.15
EWTX,"Aug 6, 2026",44.13,45.53,43.56,44.42,1408691,normal,Buy,13,51.15
EWTX,"Aug 5, 2026",44.85,45.93,44.37,44.99,1366705,normal,Buy,13,51.15
EWTX,"Aug 4, 2026",41.0,45.44,41.0,44.71,4181700,normal,Buy,13,51.15
EWTX,"Aug 3, 2026",38.15,38.77,36.88,38.38,665875,normal,Buy,13,51.15
EWTX,"Jul 31, 2026",41.11,41.11,38.21,38.43,1142657,normal,Buy,13,51.15
EWTX,"Jul 30, 2026",39.53,41.38,38.65,41.12,806929,normal,Buy,13,51.15
EWTX,"Jul 29, 2026",40.34,40.78,38.92,39.75,686313,normal,Buy,13,51.15
EWTX,"Jul 28, 2026",41.61,41.81,39.52,40.35,928892,normal,Buy,13,51.15
EWTX,"Jul 27, 2026",41.6,42.38,40.8,41.6,940216,normal,Buy,13,51.15
EWTX,"Jul 24, 2026",39.29,41.04,38.69,40.84,1027994,normal,Buy,13,51.15
EWTX,"Jul 23, 2026",37.78,39.6,37.52,39.29,940515,normal,Buy,13,51.15
EWTX,"Jul 22, 2026",39.06,39.78,38.33,38.33,593192,normal,Buy,13,51.15
EWTX,"Jul 21, 2026",38.81,39.97,38.81,39.58,550215,normal,Buy,13,51.15
EWTX,"Jul 20, 2026",40.01,40.68,38.75,38.81,605904,normal,Buy,13,51.15
EWTX,"Jul 17, 2026",38.6,40.4,37.25,39.76,744602,normal,Buy,13,51.15
EWTX,"Jul 16, 2026",40.55,40.68,37.41,38.19,690516,normal,Buy,13,51.15
EWTX,"Jul 15, 2026",39.37,40.85,38.47,40.83,1104084,normal,Buy,13,51.15
EWTX,"Jul 14, 2026",41.0,41.07,38.45,39.73,1204978,normal,Buy,13,51.15
EWTX,"Jul 13, 2026",43.68,44.55,41.18,41.27,1002383,normal,Buy,13,51.15
EWTX,"Jul 10, 2026",48.09,48.14,43.81,45.41,1025338,normal,Buy,13,51.15
EWTX,"Jul 9, 2026",46.5,48.4,46.48,48.35,1575914,normal,Buy,13,51.15
EWTX,"Jul 8, 2026",42.97,46.95,42.7,46.3,2449947,normal,Buy,13,51.15
EWTX,"Jul 7, 2026",40.5,43.62,40.21,43.13,1278059,normal,Buy,13,51.15
WAY,"Aug 18, 2026",25.22,25.37,25.02,25.28,105921,normal,Strong Buy,24,33.17
WAY,"Aug 17, 2026",24.7,25.05,24.5,24.68,1372001,normal,Strong Buy,24,33.17
WAY,"Aug 14, 2026",25.62,25.87,24.72,24.78,1299927,normal,Strong Buy,24,33.17
WAY,"Aug 13, 2026",24.52,25.22,24.19,25.08,2301049,normal,Strong Buy,24,33.17
WAY,"Aug 12, 2026",24.11,25.17,24.06,24.54,3325159,normal,Strong Buy,24,33.17
WAY,"Aug 11, 2026",24.38,25.1,24.27,24.3,2476413,normal,Strong Buy,24,33.17
WAY,"Aug 10, 2026",23.93,24.95,23.93,24.7,3393367,normal,Strong Buy,24,33.17
WAY,"Aug 7, 2026",24.25,25.18,24.16,24.23,4669377,normal,Strong Buy,24,33.17
WAY,"Aug 6, 2026",23.23,23.78,23.02,23.37,3794749,normal,Strong Buy,24,33.17
WAY,"Aug 5, 2026",23.88,23.9,23.03,23.38,2285995,normal,Strong Buy,24,33.17
WAY,"Aug 4, 2026",22.93,23.83,22.65,23.77,3429209,normal,Strong Buy,24,33.17
WAY,"Aug 3, 2026",22.04,22.75,21.72,22.66,3819128,normal,Strong Buy,24,33.17
WAY,"Jul 31, 2026",21.85,22.33,21.08,21.11,3860861,normal,Strong Buy,24,33.17
WAY,"Jul 30, 2026",21.47,22.46,20.14,20.94,6691625,normal,Strong Buy,24,33.17
WAY,"Jul 29, 2026",23.54,24.57,23.28,24.52,3636680,normal,Strong Buy,24,33.17
WAY,"Jul 28, 2026",23.83,24.34,23.58,23.69,2516991,normal,Strong Buy,24,33.17
WAY,"Jul 27, 2026",23.15,23.47,22.82,23.13,2143757,normal,Strong Buy,24,33.17
WAY,"Jul 24, 2026",22.04,22.59,21.87,22.51,2169553,normal,Strong Buy,24,33.17
WAY,"Jul 23, 2026",21.1,21.72,20.64,21.58,2845858,normal,Strong Buy,24,33.17
WAY,"Jul 22, 2026",21.8,21.8,20.62,20.79,1819267,normal,Strong Buy,24,33.17
WAY,"Jul 21, 2026",21.72,22.47,21.17,21.51,2597134,normal,Strong Buy,24,33.17
WAY,"Jul 20, 2026",22.2,22.42,21.76,22.09,2946362,normal,Strong Buy,24,33.17
WAY,"Jul 17, 2026",22.8,23.35,22.13,22.27,2202482,normal,Strong Buy,24,33.17
WAY,"Jul 16, 2026",22.96,23.55,22.92,23.17,2404226,normal,Strong Buy,24,33.17
WAY,"Jul 15, 2026",22.46,23.08,22.23,22.69,1527631,normal,Strong Buy,24,33.17
WAY,"Jul 14, 2026",22.41,22.76,21.98,22.19,1944109,normal,Strong Buy,24,33.17
WAY,"Jul 13, 2026",22.85,23.28,22.51,23.03,1896800,normal,Strong Buy,24,33.17
WAY,"Jul 10, 2026",23.42,23.66,22.31,22.43,1464044,normal,Strong Buy,24,33.17
WAY,"Jul 9, 2026",22.26,23.21,22.01,23.18,3914476,normal,Strong Buy,24,33.17
WAY,"Jul 8, 2026",23.51,23.62,22.55,22.72,1954762,normal,Strong Buy,24,33.17
DYN,"Aug 17, 2026",25.9,26.43,25.3,26.15,1317570,normal,Strong Buy,17,39.4
DYN,"Aug 14, 2026",25.73,25.93,25.3,25.7,1684137,normal,Strong Buy,17,39.4
DYN,"Aug 13, 2026",26.0,26.48,25.88,25.96,1895986,normal,Strong Buy,17,39.4
DYN,"Aug 12, 2026",26.84,27.31,26.11,26.17,1775678,normal,Strong Buy,17,39.4
DYN,"Aug 11, 2026",26.87,27.13,26.14,26.71,1394944,normal,Strong Buy,17,39.4
DYN,"Aug 10, 2026",25.78,26.84,25.7,26.5,2518288,normal,Strong Buy,17,39.4
DYN,"Aug 7, 2026",26.2,26.34,25.25,26.25,1990980,normal,Strong Buy,17,39.4
DYN,"Aug 6, 2026",26.51,26.77,25.58,25.88,1330630,normal,Strong Buy,17,39.4
DYN,"Aug 5, 2026",26.33,27.09,25.86,26.17,2067416,normal,Strong Buy,17,39.4
DYN,"Aug 4, 2026",25.8,26.08,25.2,25.97,2774190,normal,Strong Buy,17,39.4
DYN,"Aug 3, 2026",25.04,25.38,24.18,25.24,2131919,normal,Strong Buy,17,39.4
DYN,"Jul 31, 2026",25.8,25.99,24.41,25.18,1825211,normal,Strong Buy,17,39.4
DYN,"Jul 30, 2026",24.5,25.8,23.95,25.73,1924548,normal,Strong Buy,17,39.4
DYN,"Jul 29, 2026",25.96,26.09,24.71,25.1,2105186,normal,Strong Buy,17,39.4
DYN,"Jul 28, 2026",25.42,26.26,25.18,25.9,2334666,normal,Strong Buy,17,39.4
DYN,"Jul 27, 2026",25.0,26.12,24.59,25.63,3332443,normal,Strong Buy,17,39.4
DYN,"Jul 24, 2026",23.92,24.87,23.7,24.44,5066096,normal,Strong Buy,17,39.4
DYN,"Jul 23, 2026",22.95,24.34,22.76,23.89,4670893,normal,Strong Buy,17,39.4
DYN,"Jul 22, 2026",22.08,23.35,21.71,23.21,9160166,normal,Strong Buy,17,39.4
DYN,"Jul 21, 2026",23.36,24.23,23.18,23.83,1373716,normal,Strong Buy,17,39.4
DYN,"Jul 20, 2026",24.56,24.79,23.37,23.45,2528742,normal,Strong Buy,17,39.4
DYN,"Jul 17, 2026",22.16,23.8,22.03,23.74,1537919,normal,Strong Buy,17,39.4
DYN,"Jul 16, 2026",23.84,23.84,21.28,22.72,1681834,normal,Strong Buy,17,39.4
DYN,"Jul 15, 2026",23.62,24.01,23.2,23.99,1253633,normal,Strong Buy,17,39.4
DYN,"Jul 14, 2026",23.82,24.21,23.21,23.78,2176515,normal,Strong Buy,17,39.4
DYN,"Jul 13, 2026",23.26,23.77,22.63,23.64,1884700,normal,Strong Buy,17,39.4
DYN,"Jul 10, 2026",24.21,24.28,22.58,23.42,1514770,normal,Strong Buy,17,39.4
DYN,"Jul 9, 2026",23.75,24.6,23.38,24.27,1836213,normal,Strong Buy,17,39.4
DYN,"Jul 8, 2026",23.4,23.91,22.4,23.83,2528260,normal,Strong Buy,17,39.4
DYN,"Jul 7, 2026",22.8,24.27,22.45,23.83,3058897,normal,Strong Buy,17,39.4
PBLS,"Aug 17, 2026",36.41,38.83,36.41,37.22,385263,normal,Strong Buy,5,41.75
PBLS,"Aug 14, 2026",35.67,37.99,34.78,37.07,290889,normal,Strong Buy,5,41.75
PBLS,"Aug 13, 2026",37.67,37.67,35.22,35.67,270993,normal,Strong Buy,5,41.75
PBLS,"Aug 12, 2026",36.11,37.83,36.01,37.41,217345,normal,Strong Buy,5,41.75
PBLS,"Aug 11, 2026",35.83,36.95,35.06,36.47,333230,normal,Strong Buy,5,41.75
PBLS,"Aug 10, 2026",35.44,36.93,34.93,35.73,397748,normal,Strong Buy,5,41.75
PBLS,"Aug 7, 2026",36.2,36.5,34.21,34.98,279894,normal,Strong Buy,5,41.75
PBLS,"Aug 6, 2026",35.1,36.5,34.13,35.58,263715,normal,Strong Buy,5,41.75
PBLS,"Aug 5, 2026",36.61,36.82,34.5,34.9,268958,normal,Strong Buy,5,41.75
PBLS,"Aug 4, 2026",34.03,36.69,33.23,35.9,357159,normal,Strong Buy,5,41.75
PBLS,"Aug 3, 2026",33.98,34.93,32.09,33.96,696194,normal,Strong Buy,5,41.75
PBLS,"Jul 31, 2026",32.44,34.18,31.5,33.98,356150,normal,Strong Buy,5,41.75
PBLS,"Jul 30, 2026",31.6,33.05,30.83,32.28,394847,normal,Strong Buy,5,41.75
PBLS,"Jul 29, 2026",31.92,32.91,31.2,31.78,361192,normal,Strong Buy,5,41.75
PBLS,"Jul 28, 2026",31.55,33.03,30.51,31.96,360858,normal,Strong Buy,5,41.75
PBLS,"Jul 27, 2026",31.33,31.97,30.23,31.82,222286,normal,Strong Buy,5,41.75
PBLS,"Jul 24, 2026",32.53,33.15,30.31,31.28,349561,normal,Strong Buy,5,41.75
PBLS,"Jul 23, 2026",30.97,33.14,29.84,32.81,518184,normal,Strong Buy,5,41.75
PBLS,"Jul 22, 2026",29.8,31.15,29.35,30.81,317872,normal,Strong Buy,5,41.75
PBLS,"Jul 21, 2026",27.84,30.24,27.36,30.04,326373,normal,Strong Buy,5,41.75
PBLS,"Jul 20, 2026",29.53,30.21,26.42,27.31,641876,normal,Strong Buy,5,41.75
PBLS,"Jul 17, 2026",28.69,29.85,28.0,29.55,472532,normal,Strong Buy,5,41.75
PBLS,"Jul 16, 2026",29.79,30.59,28.57,29.06,520600,normal,Strong Buy,5,41.75
PBLS,"Jul 15, 2026",31.2,31.6,29.21,29.91,463819,normal,Strong Buy,5,41.75
PBLS,"Jul 14, 2026",28.83,31.4,28.55,31.15,540560,normal,Strong Buy,5,41.75
PBLS,"Jul 13, 2026",30.35,30.38,28.68,29.63,640730,normal,Strong Buy,5,41.75
PBLS,"Jul 10, 2026",30.36,31.0,28.51,30.57,690398,normal,Strong Buy,5,41.75
PBLS,"Jul 9, 2026",30.71,33.65,29.9,30.36,402230,normal,Strong Buy,5,41.75
PBLS,"Jul 8, 2026",29.89,31.17,29.3,30.83,399172,normal,Strong Buy,5,41.75
PBLS,"Jul 7, 2026",29.45,31.51,28.39,30.35,508643,normal,Strong Buy,5,41.75
BOX,"Aug 18, 2026",32.36,33.04,32.13,32.29,17990,normal,Hold,10,33.0
BOX,"Aug 17, 2026",32.2,32.64,31.93,32.29,2671847,normal,Hold,10,33.0
BOX,"Aug 14, 2026",33.56,33.84,32.6,32.65,1701976,normal,Hold,10,33.0
BOX,"Aug 13, 2026",32.66,33.77,32.19,33.64,3025185,normal,Hold,10,33.0
BOX,"Aug 12, 2026",32.25,32.77,32.01,32.35,1584027,normal,Hold,10,33.0
BOX,"Aug 11, 2026",33.3,33.83,32.59,32.83,3086804,normal,Hold,10,33.0
BOX,"Aug 10, 2026",32.74,33.86,32.74,33.6,1787897,normal,Hold,10,33.0
BOX,"Aug 7, 2026",32.12,33.26,31.87,33.24,2078077,normal,Hold,10,33.0
BOX,"Aug 6, 2026",31.51,31.85,31.16,31.85,2692136,normal,Hold,10,33.0
BOX,"Aug 5, 2026",31.59,32.29,31.44,32.0,1997115,normal,Hold,10,33.0
BOX,"Aug 4, 2026",31.21,32.2,31.14,31.76,8050081,normal,Hold,10,33.0
BOX,"Aug 3, 2026",32.08,32.65,31.58,31.7,2160619,normal,Hold,10,33.0
BOX,"Jul 31, 2026",30.83,31.63,30.68,31.55,1869897,normal,Hold,10,33.0
BOX,"Jul 30, 2026",31.94,31.94,30.3,31.09,2339620,normal,Hold,10,33.0
BOX,"Jul 29, 2026",31.69,32.61,31.49,32.42,3234248,normal,Hold,10,33.0
BOX,"Jul 28, 2026",30.65,31.67,30.55,31.5,2808551,normal,Hold,10,33.0
BOX,"Jul 27, 2026",29.6,30.7,29.46,30.15,2842235,normal,Hold,10,33.0
BOX,"Jul 24, 2026",28.87,29.19,28.59,29.01,2064374,normal,Hold,10,33.0
BOX,"Jul 23, 2026",28.65,28.75,28.06,28.28,2926423,normal,Hold,10,33.0
BOX,"Jul 22, 2026",29.97,30.17,28.12,28.45,2954062,normal,Hold,10,33.0
BOX,"Jul 21, 2026",30.13,30.81,29.94,29.94,3377314,normal,Hold,10,33.0
BOX,"Jul 20, 2026",30.08,30.94,30.01,30.85,2669601,normal,Hold,10,33.0
BOX,"Jul 17, 2026",31.2,31.7,30.46,30.48,3054054,normal,Hold,10,33.0
BOX,"Jul 16, 2026",30.88,31.83,30.66,31.41,4420124,normal,Hold,10,33.0
BOX,"Jul 15, 2026",30.37,31.3,30.33,30.47,3243673,normal,Hold,10,33.0
BOX,"Jul 14, 2026",28.3,30.14,28.27,30.0,3472077,normal,Hold,10,33.0
BOX,"Jul 13, 2026",28.97,29.54,28.84,29.41,1790752,normal,Hold,10,33.0
BOX,"Jul 10, 2026",29.15,29.21,28.54,28.64,2011923,normal,Hold,10,33.0
BOX,"Jul 9, 2026",28.07,28.88,27.73,28.8,2192242,normal,Hold,10,33.0
BOX,"Jul 8, 2026",28.51,29.21,28.32,28.88,2589096,normal,Hold,10,33.0
RLAY,"Aug 18, 2026",20.4,20.76,20.4,20.6,86496,normal,Strong Buy,14,27.0
RLAY,"Aug 17, 2026",19.72,20.79,19.56,20.67,1832441,normal,Strong Buy,14,27.0
RLAY,"Aug 14, 2026",19.62,20.0,19.36,19.86,1513791,normal,Strong Buy,14,27.0
RLAY,"Aug 13, 2026",20.33,20.42,19.77,19.93,1797009,normal,Strong Buy,14,27.0
RLAY,"Aug 12, 2026",20.12,20.48,19.77,20.07,1610989,normal,Strong Buy,14,27.0
RLAY,"Aug 11, 2026",19.99,20.27,19.66,19.99,1976992,normal,Strong Buy,14,27.0
RLAY,"Aug 10, 2026",19.55,20.71,19.41,19.94,2672105,normal,Strong Buy,14,27.0
RLAY,"Aug 7, 2026",19.11,19.85,18.68,19.77,2315219,normal,Strong Buy,14,27.0
RLAY,"Aug 6, 2026",19.71,20.26,19.5,19.75,2430376,normal,Strong Buy,14,27.0
RLAY,"Aug 5, 2026",19.48,19.97,19.22,19.69,1505669,normal,Strong Buy,14,27.0
RLAY,"Aug 4, 2026",18.96,19.73,18.78,19.54,2054518,normal,Strong Buy,14,27.0
RLAY,"Aug 3, 2026",18.59,18.81,18.1,18.78,1603566,normal,Strong Buy,14,27.0
RLAY,"Jul 31, 2026",19.76,19.76,18.45,18.83,1785640,normal,Strong Buy,14,27.0
RLAY,"Jul 30, 2026",18.68,19.8,18.46,19.45,1866020,normal,Strong Buy,14,27.0
RLAY,"Jul 29, 2026",18.74,19.07,17.94,18.37,1944144,normal,Strong Buy,14,27.0
RLAY,"Jul 28, 2026",18.61,18.74,17.71,18.29,2933295,normal,Strong Buy,14,27.0
RLAY,"Jul 27, 2026",18.47,19.42,18.42,18.64,4202088,normal,Strong Buy,14,27.0
RLAY,"Jul 24, 2026",19.18,19.29,18.26,18.44,2039977,normal,Strong Buy,14,27.0
RLAY,"Jul 23, 2026",18.82,19.38,18.54,19.09,1241745,normal,Strong Buy,14,27.0
RLAY,"Jul 22, 2026",19.18,19.51,18.85,19.27,1321209,normal,Strong Buy,14,27.0
RLAY,"Jul 21, 2026",19.55,19.94,19.22,19.3,1485437,normal,Strong Buy,14,27.0
RLAY,"Jul 20, 2026",19.95,20.39,19.15,19.18,3492238,normal,Strong Buy,14,27.0
RLAY,"Jul 17, 2026",19.13,20.29,18.85,19.91,2157334,normal,Strong Buy,14,27.0
RLAY,"Jul 16, 2026",19.49,20.16,18.85,19.37,3592457,normal,Strong Buy,14,27.0
RLAY,"Jul 15, 2026",18.89,19.73,18.41,19.51,1538022,normal,Strong Buy,14,27.0
RLAY,"Jul 14, 2026",18.83,19.15,18.4,19.08,1700383,normal,Strong Buy,14,27.0
RLAY,"Jul 13, 2026",19.5,19.75,18.33,18.73,2370992,normal,Strong Buy,14,27.0
RLAY,"Jul 10, 2026",20.7,20.75,19.31,20.01,3188206,normal,Strong Buy,14,27.0
RLAY,"Jul 9, 2026",19.7,20.79,19.58,20.75,4433384,normal,Strong Buy,14,27.0
RLAY,"Jul 8, 2026",19.71,20.19,18.37,19.63,4312268,normal,Strong Buy,14,27.0
DOCS,"Aug 18, 2026",24.95,25.19,24.95,25.19,174897,normal,Hold,21,29.11
DOCS,"Aug 17, 2026",24.41,24.64,23.95,24.52,3390721,normal,Hold,21,29.11
DOCS,"Aug 14, 2026",26.62,26.7,24.8,24.8,4047562,normal,Hold,21,29.11
DOCS,"Aug 13, 2026",24.91,26.59,24.84,26.59,4960125,normal,Hold,21,29.11
DOCS,"Aug 12, 2026",25.61,26.24,24.7,24.99,4183608,normal,Hold,21,29.11
DOCS,"Aug 11, 2026",25.57,26.94,25.25,26.11,5723484,normal,Hold,21,29.11
DOCS,"Aug 10, 2026",26.31,26.61,24.37,25.63,9840685,normal,Hold,21,29.11
DOCS,"Aug 7, 2026",38.87,40.0,27.16,27.4,64928129,normal,Hold,21,29.11
DOCS,"Aug 6, 2026",21.21,22.44,19.88,20.66,16192270,normal,Hold,21,29.11
DOCS,"Aug 5, 2026",21.91,21.99,21.37,21.63,2457671,normal,Hold,21,29.11
DOCS,"Aug 4, 2026",21.46,22.03,21.41,21.89,2568949,normal,Hold,21,29.11
DOCS,"Aug 3, 2026",21.32,21.99,21.27,21.66,2908605,normal,Hold,21,29.11
DOCS,"Jul 31, 2026",20.95,21.36,20.71,20.91,2726163,normal,Hold,21,29.11
DOCS,"Jul 30, 2026",21.21,21.27,20.34,21.24,3746184,normal,Hold,21,29.11
DOCS,"Jul 29, 2026",21.16,21.89,21.11,21.63,3135581,normal,Hold,21,29.11
DOCS,"Jul 28, 2026",21.31,21.6,20.78,21.44,4201811,normal,Hold,21,29.11
DOCS,"Jul 27, 2026",20.66,21.35,20.62,20.99,4555835,normal,Hold,21,29.11
DOCS,"Jul 24, 2026",20.88,21.02,20.34,20.42,2181147,normal,Hold,21,29.11
DOCS,"Jul 23, 2026",20.59,20.65,20.07,20.45,2107814,normal,Hold,21,29.11
DOCS,"Jul 22, 2026",21.23,21.38,20.27,20.49,2658727,normal,Hold,21,29.11
DOCS,"Jul 21, 2026",21.33,21.75,20.94,21.11,3392513,normal,Hold,21,29.11
DOCS,"Jul 20, 2026",21.0,21.9,20.9,21.73,3634146,normal,Hold,21,29.11
DOCS,"Jul 17, 2026",21.96,22.3,21.5,21.52,2253116,normal,Hold,21,29.11
DOCS,"Jul 16, 2026",22.5,22.63,22.08,22.21,1940173,normal,Hold,21,29.11
DOCS,"Jul 15, 2026",22.02,22.79,22.02,22.26,2279087,normal,Hold,21,29.11
DOCS,"Jul 14, 2026",21.54,22.01,21.01,21.8,3315419,normal,Hold,21,29.11
DOCS,"Jul 13, 2026",22.03,22.53,21.9,22.29,2077141,normal,Hold,21,29.11
DOCS,"Jul 10, 2026",22.5,22.69,21.58,21.77,1489358,normal,Hold,21,29.11
DOCS,"Jul 9, 2026",21.26,22.06,21.07,22.01,1967660,normal,Hold,21,29.11
DOCS,"Jul 8, 2026",22.29,22.46,21.58,21.69,2645899,normal,Hold,21,29.11
FSLY,"Aug 18, 2026",28.7,29.62,28.7,29.82,895342,normal,Buy,12,27.0
FSLY,"Aug 17, 2026",30.33,30.34,28.52,29.04,6124909,normal,Buy,12,27.0
FSLY,"Aug 14, 2026",30.04,30.48,29.25,29.93,3659397,normal,Buy,12,27.0
FSLY,"Aug 13, 2026",28.53,30.08,27.87,30.02,4712952,normal,Buy,12,27.0
FSLY,"Aug 12, 2026",28.6,30.69,28.32,28.53,6669428,normal,Buy,12,27.0
FSLY,"Aug 11, 2026",27.69,29.15,27.36,28.78,7652777,normal,Buy,12,27.0
FSLY,"Aug 10, 2026",22.45,28.09,22.42,27.75,14322687,normal,Buy,12,27.0
FSLY,"Aug 7, 2026",23.12,24.47,22.33,22.96,7206419,normal,Buy,12,27.0
FSLY,"Aug 6, 2026",22.73,24.38,22.46,22.68,11979489,normal,Buy,12,27.0
FSLY,"Aug 5, 2026",25.19,27.23,24.7,26.03,13886872,normal,Buy,12,27.0
FSLY,"Aug 4, 2026",22.68,25.11,22.3,24.95,6618243,normal,Buy,12,27.0
FSLY,"Aug 3, 2026",22.94,23.37,22.54,23.03,6004169,normal,Buy,12,27.0
FSLY,"Jul 31, 2026",21.73,22.81,21.28,22.66,5428373,normal,Buy,12,27.0
FSLY,"Jul 30, 2026",20.82,21.81,20.71,21.55,3501248,normal,Buy,12,27.0
FSLY,"Jul 29, 2026",20.8,21.45,20.07,20.69,5296661,normal,Buy,12,27.0
FSLY,"Jul 28, 2026",19.99,21.08,18.93,20.8,5074384,normal,Buy,12,27.0
FSLY,"Jul 27, 2026",20.57,20.65,19.4,20.04,3316883,normal,Buy,12,27.0
FSLY,"Jul 24, 2026",19.66,20.66,19.33,20.24,4373025,normal,Buy,12,27.0
FSLY,"Jul 23, 2026",20.45,20.7,19.31,19.43,3290934,normal,Buy,12,27.0
FSLY,"Jul 22, 2026",20.44,20.81,20.03,20.46,3207367,normal,Buy,12,27.0
FSLY,"Jul 21, 2026",20.47,20.94,19.75,20.73,4757102,normal,Buy,12,27.0
FSLY,"Jul 20, 2026",20.35,21.27,20.21,20.47,3930787,normal,Buy,12,27.0
FSLY,"Jul 17, 2026",19.46,21.93,19.37,20.72,12776370,normal,Buy,12,27.0
FSLY,"Jul 16, 2026",20.65,21.18,19.75,20.32,6333787,normal,Buy,12,27.0
FSLY,"Jul 15, 2026",21.1,21.33,19.08,20.0,4317622,normal,Buy,12,27.0
FSLY,"Jul 14, 2026",19.84,21.02,19.71,20.9,3896678,normal,Buy,12,27.0
FSLY,"Jul 13, 2026",19.67,20.59,19.43,20.03,6092091,normal,Buy,12,27.0
FSLY,"Jul 10, 2026",20.7,20.85,19.36,19.59,3819401,normal,Buy,12,27.0
FSLY,"Jul 9, 2026",19.37,20.49,19.2,20.33,5064641,normal,Buy,12,27.0
FSLY,"Jul 8, 2026",18.15,20.21,18.0,19.74,4864308,normal,Buy,12,27.0
VNT,"Aug 18, 2026",32.35,32.35,32.35,32.33,112,normal,Buy,11,41.05
VNT,"Aug 17, 2026",32.66,32.75,32.24,32.33,1075293,normal,Buy,11,41.05
VNT,"Aug 14, 2026",33.22,33.35,32.84,32.84,1089305,normal,Buy,11,41.05
VNT,"Aug 13, 2026",33.54,33.56,32.72,33.08,1262308,normal,Buy,11,41.05
VNT,"Aug 12, 2026",34.14,34.27,33.19,33.42,1315297,normal,Buy,11,41.05
VNT,"Aug 11, 2026",33.71,34.68,33.71,34.08,3078049,normal,Buy,11,41.05
VNT,"Aug 10, 2026",34.88,35.72,34.24,34.24,1776769,normal,Buy,11,41.05
VNT,"Aug 7, 2026",35.16,35.95,34.82,35.09,2391970,normal,Buy,11,41.05
VNT,"Aug 6, 2026",36.26,36.58,33.59,35.28,4048256,normal,Buy,11,41.05
VNT,"Aug 5, 2026",33.35,33.97,33.2,33.62,2063101,normal,Buy,11,41.05
VNT,"Aug 4, 2026",32.63,33.99,32.52,33.82,1565957,normal,Buy,11,41.05
VNT,"Aug 3, 2026",32.45,33.07,32.34,32.81,1082850,normal,Buy,11,41.05
VNT,"Jul 31, 2026",31.92,32.37,31.59,32.13,1283479,normal,Buy,11,41.05
VNT,"Jul 30, 2026",32.58,32.64,31.27,31.89,1025144,normal,Buy,11,41.05
VNT,"Jul 29, 2026",32.3,32.7,32.02,32.25,1603297,normal,Buy,11,41.05
VNT,"Jul 28, 2026",31.95,33.21,31.69,32.83,1586948,normal,Buy,11,41.05
VNT,"Jul 27, 2026",31.08,31.88,30.98,31.84,1832191,normal,Buy,11,41.05
VNT,"Jul 24, 2026",30.31,30.89,30.25,30.78,1157329,normal,Buy,11,41.05
VNT,"Jul 23, 2026",30.03,30.36,29.77,30.27,974935,normal,Buy,11,41.05
VNT,"Jul 22, 2026",30.19,30.49,29.92,30.19,868796,normal,Buy,11,41.05
VNT,"Jul 21, 2026",30.04,30.48,29.88,30.23,956298,normal,Buy,11,41.05
VNT,"Jul 20, 2026",30.39,30.59,29.66,29.79,925928,normal,Buy,11,41.05
VNT,"Jul 17, 2026",30.27,30.98,30.22,30.35,1134003,normal,Buy,11,41.05
VNT,"Jul 16, 2026",29.58,30.69,29.58,30.6,1440820,normal,Buy,11,41.05
VNT,"Jul 15, 2026",29.41,29.74,28.94,29.68,2058222,normal,Buy,11,41.05
VNT,"Jul 14, 2026",29.72,29.9,28.99,29.36,1309550,normal,Buy,11,41.05
VNT,"Jul 13, 2026",29.39,29.91,29.06,29.34,1283938,normal,Buy,11,41.05
VNT,"Jul 10, 2026",29.0,29.6,28.82,29.42,1291696,normal,Buy,11,41.05
VNT,"Jul 9, 2026",28.76,29.02,28.38,28.92,1581467,normal,Buy,11,41.05
VNT,"Jul 8, 2026",28.46,28.71,28.15,28.52,1776873,normal,Buy,11,41.05
BULL,"Aug 18, 2026",7.97,8.03,7.92,7.92,538391,normal,Strong Buy,3,12.33
BULL,"Aug 17, 2026",8.04,8.25,7.96,8.16,11623048,normal,Strong Buy,3,12.33
BULL,"Aug 14, 2026",7.95,8.1,7.87,8.04,7171811,normal,Strong Buy,3,12.33
BULL,"Aug 13, 2026",7.67,8.14,7.66,7.95,11104872,normal,Strong Buy,3,12.33
BULL,"Aug 12, 2026",7.66,7.88,7.48,7.67,10395475,normal,Strong Buy,3,12.33
BULL,"Aug 11, 2026",7.28,7.68,7.17,7.57,14544696,normal,Strong Buy,3,12.33
BULL,"Aug 10, 2026",7.33,7.45,7.25,7.26,4900892,normal,Strong Buy,3,12.33
BULL,"Aug 7, 2026",7.33,7.44,7.23,7.32,5349265,normal,Strong Buy,3,12.33
BULL,"Aug 6, 2026",7.34,7.44,7.16,7.22,5233024,normal,Strong Buy,3,12.33
BULL,"Aug 5, 2026",7.58,7.6,7.37,7.38,6556885,normal,Strong Buy,3,12.33
BULL,"Aug 4, 2026",7.33,7.6,7.29,7.58,8890247,normal,Strong Buy,3,12.33
BULL,"Aug 3, 2026",7.08,7.29,7.08,7.26,7152416,normal,Strong Buy,3,12.33
BULL,"Jul 31, 2026",7.11,7.24,6.95,7.06,6034754,normal,Strong Buy,3,12.33
BULL,"Jul 30, 2026",7.01,7.19,6.93,7.15,6817472,normal,Strong Buy,3,12.33
BULL,"Jul 29, 2026",7.23,7.31,6.95,7.01,8074874,normal,Strong Buy,3,12.33
BULL,"Jul 28, 2026",7.36,7.48,7.16,7.27,8649887,normal,Strong Buy,3,12.33
BULL,"Jul 27, 2026",7.75,7.8,7.48,7.54,7127636,normal,Strong Buy,3,12.33
BULL,"Jul 24, 2026",7.84,7.85,7.41,7.49,7288176,normal,Strong Buy,3,12.33
BULL,"Jul 23, 2026",7.98,8.07,7.79,7.84,7316802,normal,Strong Buy,3,12.33
BULL,"Jul 22, 2026",8.06,8.35,7.98,8.1,8912090,normal,Strong Buy,3,12.33
BULL,"Jul 21, 2026",7.81,8.25,7.77,8.15,16569292,normal,Strong Buy,3,12.33
BULL,"Jul 20, 2026",7.36,7.77,7.2,7.69,10461914,normal,Strong Buy,3,12.33
BULL,"Jul 17, 2026",7.2,7.32,6.9,7.23,10668029,normal,Strong Buy,3,12.33
BULL,"Jul 16, 2026",7.73,7.89,7.49,7.52,11635463,normal,Strong Buy,3,12.33
BULL,"Jul 15, 2026",7.69,7.78,7.42,7.69,8414591,normal,Strong Buy,3,12.33
BULL,"Jul 14, 2026",7.27,7.72,7.18,7.53,10675887,normal,Strong Buy,3,12.33
BULL,"Jul 13, 2026",7.34,7.48,7.18,7.28,7138326,normal,Strong Buy,3,12.33
BULL,"Jul 10, 2026",7.49,7.53,7.27,7.38,7720095,normal,Strong Buy,3,12.33
BULL,"Jul 9, 2026",7.24,7.44,7.16,7.3,7035794,normal,Strong Buy,3,12.33
BULL,"Jul 8, 2026",7.07,7.3,7.0,7.24,7502998,normal,Strong Buy,3,12.33
TNGX,"Aug 18, 2026",25.12,25.65,25.12,25.65,82987,normal,Strong Buy,13,44.58
TNGX,"Aug 17, 2026",25.64,25.93,25.12,25.29,2228148,normal,Strong Buy,13,44.58
TNGX,"Aug 14, 2026",25.21,25.7,24.75,25.6,1438669,normal,Strong Buy,13,44.58
TNGX,"Aug 13, 2026",25.85,25.95,25.38,25.65,2169157,normal,Strong Buy,13,44.58
TNGX,"Aug 12, 2026",26.08,26.84,25.5,25.58,2433357,normal,Strong Buy,13,44.58
TNGX,"Aug 11, 2026",27.05,27.53,26.15,26.34,2257819,normal,Strong Buy,13,44.58
TNGX,"Aug 10, 2026",26.9,28.09,26.7,27.67,2545757,normal,Strong Buy,13,44.58
TNGX,"Aug 7, 2026",28.71,29.24,26.75,27.07,3227596,normal,Strong Buy,13,44.58
TNGX,"Aug 6, 2026",28.28,30.1,28.28,29.0,1314665,normal,Strong Buy,13,44.58
TNGX,"Aug 5, 2026",29.42,30.25,28.0,28.79,1861127,normal,Strong Buy,13,44.58
TNGX,"Aug 4, 2026",27.74,29.43,27.54,29.36,1869965,normal,Strong Buy,13,44.58
TNGX,"Aug 3, 2026",26.83,27.79,25.94,27.21,1981276,normal,Strong Buy,13,44.58
TNGX,"Jul 31, 2026",27.52,27.95,26.32,27.18,1687690,normal,Strong Buy,13,44.58
TNGX,"Jul 30, 2026",26.36,27.64,26.1,27.57,1436091,normal,Strong Buy,13,44.58
TNGX,"Jul 29, 2026",26.82,27.01,25.41,25.85,2209258,normal,Strong Buy,13,44.58
TNGX,"Jul 28, 2026",26.68,26.94,25.33,26.65,6566621,normal,Strong Buy,13,44.58
TNGX,"Jul 27, 2026",26.81,28.09,26.51,26.72,2199401,normal,Strong Buy,13,44.58
TNGX,"Jul 24, 2026",27.5,27.67,26.25,26.63,2462359,normal,Strong Buy,13,44.58
TNGX,"Jul 23, 2026",27.55,28.05,27.24,27.45,1357147,normal,Strong Buy,13,44.58
TNGX,"Jul 22, 2026",28.19,28.69,27.92,28.1,1243821,normal,Strong Buy,13,44.58
TNGX,"Jul 21, 2026",27.61,29.24,27.61,29.02,1961032,normal,Strong Buy,13,44.58
TNGX,"Jul 20, 2026",28.5,29.34,27.5,27.54,1256948,normal,Strong Buy,13,44.58
TNGX,"Jul 17, 2026",27.6,29.71,27.14,28.56,2289891,normal,Strong Buy,13,44.58
TNGX,"Jul 16, 2026",29.5,29.99,27.13,27.64,3744718,normal,Strong Buy,13,44.58
TNGX,"Jul 15, 2026",29.77,30.56,29.5,30.25,2278839,normal,Strong Buy,13,44.58
TNGX,"Jul 14, 2026",29.18,29.71,28.45,29.65,1931288,normal,Strong Buy,13,44.58
TNGX,"Jul 13, 2026",30.56,30.77,28.25,28.36,2504808,normal,Strong Buy,13,44.58
TNGX,"Jul 10, 2026",30.52,31.48,28.91,31.06,3372791,normal,Strong Buy,13,44.58
TNGX,"Jul 9, 2026",30.65,31.28,29.87,30.52,2747010,normal,Strong Buy,13,44.58
TNGX,"Jul 8, 2026",29.98,32.17,29.93,30.64,3974869,normal,Strong Buy,13,44.58
TLX,"Aug 18, 2026",11.87,11.87,11.84,11.84,7491,normal,Strong Buy,5,21.1
TLX,"Aug 17, 2026",11.71,11.8,11.56,11.73,60213,normal,Strong Buy,5,21.1
TLX,"Aug 14, 2026",11.96,11.99,11.75,11.82,120174,normal,Strong Buy,5,21.1
TLX,"Aug 13, 2026",12.13,12.33,12.12,12.33,85164,normal,Strong Buy,5,21.1
TLX,"Aug 12, 2026",12.14,12.15,11.96,11.97,76441,normal,Strong Buy,5,21.1
TLX,"Aug 11, 2026",11.98,12.04,11.92,12.0,81751,normal,Strong Buy,5,21.1
TLX,"Aug 10, 2026",11.67,11.84,11.67,11.79,82623,normal,Strong Buy,5,21.1
TLX,"Aug 7, 2026",11.44,11.58,11.44,11.52,212702,normal,Strong Buy,5,21.1
TLX,"Aug 6, 2026",10.55,10.83,10.44,10.64,67601,normal,Strong Buy,5,21.1
TLX,"Aug 5, 2026",10.46,10.48,10.38,10.42,99254,normal,Strong Buy,5,21.1
TLX,"Aug 4, 2026",10.15,10.3,10.15,10.29,116863,normal,Strong Buy,5,21.1
TLX,"Aug 3, 2026",10.2,10.2,9.93,10.02,121754,normal,Strong Buy,5,21.1
TLX,"Jul 31, 2026",10.0,10.01,9.79,9.89,80929,normal,Strong Buy,5,21.1
TLX,"Jul 30, 2026",10.04,10.06,9.94,10.06,68382,normal,Strong Buy,5,21.1
TLX,"Jul 29, 2026",10.13,10.39,10.01,10.1,71989,normal,Strong Buy,5,21.1
TLX,"Jul 28, 2026",10.09,10.19,10.03,10.19,67266,normal,Strong Buy,5,21.1
TLX,"Jul 27, 2026",10.14,10.32,9.9,9.98,106272,normal,Strong Buy,5,21.1
TLX,"Jul 24, 2026",10.4,10.4,10.2,10.22,83125,normal,Strong Buy,5,21.1
TLX,"Jul 23, 2026",10.47,10.54,10.4,10.51,121275,normal,Strong Buy,5,21.1
TLX,"Jul 22, 2026",10.49,10.57,10.31,10.32,222365,normal,Strong Buy,5,21.1
TLX,"Jul 21, 2026",10.62,10.92,10.59,10.92,150567,normal,Strong Buy,5,21.1
TLX,"Jul 20, 2026",10.63,10.71,10.5,10.51,137606,normal,Strong Buy,5,21.1
TLX,"Jul 17, 2026",10.43,10.56,10.17,10.46,132192,normal,Strong Buy,5,21.1
TLX,"Jul 16, 2026",10.94,11.05,10.79,10.83,64612,normal,Strong Buy,5,21.1
TLX,"Jul 15, 2026",11.11,11.29,11.08,11.29,61910,normal,Strong Buy,5,21.1
TLX,"Jul 14, 2026",10.93,11.21,10.93,11.02,98365,normal,Strong Buy,5,21.1
TLX,"Jul 13, 2026",11.1,11.17,10.93,10.97,139360,normal,Strong Buy,5,21.1
TLX,"Jul 10, 2026",11.38,11.44,11.08,11.14,186392,normal,Strong Buy,5,21.1
TLX,"Jul 9, 2026",11.72,11.88,11.72,11.78,169935,normal,Strong Buy,5,21.1
TLX,"Jul 8, 2026",11.49,11.57,11.25,11.55,206913,normal,Strong Buy,5,21.1
DLO,"Aug 18, 2026",13.75,13.85,13.64,13.77,394204,normal,Buy,10,18.4
DLO,"Aug 17, 2026",14.23,14.5,13.87,13.91,2688749,normal,Buy,10,18.4
DLO,"Aug 14, 2026",15.28,15.3,14.0,14.17,5064762,normal,Buy,10,18.4
DLO,"Aug 13, 2026",14.46,14.88,14.35,14.76,3555942,normal,Buy,10,18.4
DLO,"Aug 12, 2026",14.15,14.33,13.81,14.28,1970506,normal,Buy,10,18.4
DLO,"Aug 11, 2026",14.41,14.5,13.84,14.11,1738794,normal,Buy,10,18.4
DLO,"Aug 10, 2026",14.31,14.52,14.22,14.37,904769,normal,Buy,10,18.4
DLO,"Aug 7, 2026",14.87,14.91,14.23,14.41,1241362,normal,Buy,10,18.4
DLO,"Aug 6, 2026",14.97,15.16,14.64,14.77,970668,normal,Buy,10,18.4
DLO,"Aug 5, 2026",15.5,15.65,15.11,15.2,2363049,normal,Buy,10,18.4
DLO,"Aug 4, 2026",15.42,15.51,15.24,15.3,1210652,normal,Buy,10,18.4
DLO,"Aug 3, 2026",15.27,15.47,15.16,15.31,1844861,normal,Buy,10,18.4
DLO,"Jul 31, 2026",15.06,15.44,14.97,15.08,1467183,normal,Buy,10,18.4
DLO,"Jul 30, 2026",14.6,15.0,14.5,14.97,1247360,normal,Buy,10,18.4
DLO,"Jul 29, 2026",14.7,15.0,14.37,14.59,2167812,normal,Buy,10,18.4
DLO,"Jul 28, 2026",14.89,15.11,14.7,14.88,1454650,normal,Buy,10,18.4
DLO,"Jul 27, 2026",14.72,15.11,14.68,14.96,2950923,normal,Buy,10,18.4
DLO,"Jul 24, 2026",14.33,14.68,14.08,14.49,1556992,normal,Buy,10,18.4
DLO,"Jul 23, 2026",14.05,14.36,13.9,14.08,1608282,normal,Buy,10,18.4
DLO,"Jul 22, 2026",14.73,14.8,14.12,14.26,1856555,normal,Buy,10,18.4
DLO,"Jul 21, 2026",14.74,14.95,14.52,14.77,2016570,normal,Buy,10,18.4
DLO,"Jul 20, 2026",14.41,14.83,14.26,14.71,1619188,normal,Buy,10,18.4
DLO,"Jul 17, 2026",14.11,14.58,13.83,14.48,1949181,normal,Buy,10,18.4
DLO,"Jul 16, 2026",14.84,14.85,14.51,14.59,1390034,normal,Buy,10,18.4
DLO,"Jul 15, 2026",14.83,15.09,14.71,14.9,1249400,normal,Buy,10,18.4
DLO,"Jul 14, 2026",14.9,15.14,14.71,14.84,976674,normal,Buy,10,18.4
DLO,"Jul 13, 2026",15.22,15.37,14.75,14.92,1466484,normal,Buy,10,18.4
DLO,"Jul 10, 2026",14.69,15.28,14.69,15.19,2732844,normal,Buy,10,18.4
DLO,"Jul 9, 2026",14.47,14.66,14.17,14.57,1801514,normal,Buy,10,18.4
DLO,"Jul 8, 2026",14.67,14.75,13.9,14.49,3584734,normal,Buy,10,18.4
LEGN,"Aug 17, 2026",20.48,20.77,20.2,20.65,1267684,normal,Buy,15,49.25
LEGN,"Aug 14, 2026",20.17,20.44,19.87,20.37,2017338,normal,Buy,15,49.25
LEGN,"Aug 13, 2026",20.98,21.2,20.14,20.27,1971642,normal,Buy,15,49.25
LEGN,"Aug 12, 2026",21.37,21.62,20.44,20.65,3685276,normal,Buy,15,49.25
LEGN,"Aug 11, 2026",21.78,22.35,20.71,21.83,4227683,normal,Buy,15,49.25
LEGN,"Aug 10, 2026",20.86,21.0,20.23,20.66,2207617,normal,Buy,15,49.25
LEGN,"Aug 7, 2026",20.02,20.86,19.84,20.75,2609332,normal,Buy,15,49.25
LEGN,"Aug 6, 2026",19.05,19.88,19.05,19.28,2068323,normal,Buy,15,49.25
LEGN,"Aug 5, 2026",19.3,19.64,19.03,19.05,1704071,normal,Buy,15,49.25
LEGN,"Aug 4, 2026",19.39,19.49,18.93,19.13,2565235,normal,Buy,15,49.25
LEGN,"Aug 3, 2026",18.46,19.19,18.39,19.01,1545798,normal,Buy,15,49.25
LEGN,"Jul 31, 2026",18.79,19.0,18.33,18.55,2719663,normal,Buy,15,49.25
LEGN,"Jul 30, 2026",19.24,19.24,18.52,19.05,2806387,normal,Buy,15,49.25
LEGN,"Jul 29, 2026",19.2,19.37,18.77,18.85,2936154,normal,Buy,15,49.25
LEGN,"Jul 28, 2026",19.14,19.43,18.66,19.04,3992796,normal,Buy,15,49.25
LEGN,"Jul 27, 2026",20.55,20.8,18.64,19.27,10070934,normal,Buy,15,49.25
LEGN,"Jul 24, 2026",22.8,23.15,22.18,22.22,1693948,normal,Buy,15,49.25
LEGN,"Jul 23, 2026",23.31,24.05,23.16,23.53,943630,normal,Buy,15,49.25
LEGN,"Jul 22, 2026",23.76,23.87,23.1,23.53,1551778,normal,Buy,15,49.25
LEGN,"Jul 21, 2026",23.54,23.88,23.02,23.54,2068169,normal,Buy,15,49.25
LEGN,"Jul 20, 2026",22.2,23.84,22.05,23.21,2790564,normal,Buy,15,49.25
LEGN,"Jul 17, 2026",22.4,23.13,22.23,22.26,1807542,normal,Buy,15,49.25
LEGN,"Jul 16, 2026",22.83,23.41,22.25,22.71,3082334,normal,Buy,15,49.25
LEGN,"Jul 15, 2026",25.56,25.75,22.9,23.04,5222449,normal,Buy,15,49.25
LEGN,"Jul 14, 2026",25.68,25.95,25.36,25.67,1582485,normal,Buy,15,49.25
LEGN,"Jul 13, 2026",26.57,26.8,25.1,25.75,2983105,normal,Buy,15,49.25
LEGN,"Jul 10, 2026",27.45,27.53,26.52,27.08,1343008,normal,Buy,15,49.25
LEGN,"Jul 9, 2026",27.73,28.13,27.31,27.38,1400801,normal,Buy,15,49.25
LEGN,"Jul 8, 2026",27.51,28.44,27.27,27.87,1167557,normal,Buy,15,49.25
LEGN,"Jul 7, 2026",28.21,28.5,27.38,27.68,1174075,normal,Buy,15,49.25
TENB,"Aug 17, 2026",37.42,38.06,35.18,35.29,2956684,normal,Buy,23,35.35
TENB,"Aug 14, 2026",40.01,40.19,38.07,38.33,1864569,normal,Buy,23,35.35
TENB,"Aug 13, 2026",37.49,40.12,37.02,40.03,2938045,normal,Buy,23,35.35
TENB,"Aug 12, 2026",37.27,37.87,36.5,37.0,1617165,normal,Buy,23,35.35
TENB,"Aug 11, 2026",36.94,38.15,36.51,37.84,1542589,normal,Buy,23,35.35
TENB,"Aug 10, 2026",36.51,39.35,36.42,36.7,4448211,normal,Buy,23,35.35
TENB,"Aug 7, 2026",35.94,36.59,34.76,36.38,2764904,normal,Buy,23,35.35
TENB,"Aug 6, 2026",34.8,36.38,34.52,36.17,3763546,normal,Buy,23,35.35
TENB,"Aug 5, 2026",36.75,36.87,35.31,36.0,3666564,normal,Buy,23,35.35
TENB,"Aug 4, 2026",34.96,36.57,34.96,35.94,3368304,normal,Buy,23,35.35
TENB,"Aug 3, 2026",33.75,35.0,33.3,34.97,3111871,normal,Buy,23,35.35
TENB,"Jul 31, 2026",32.5,33.47,31.8,32.64,3449088,normal,Buy,23,35.35
TENB,"Jul 30, 2026",27.86,34.33,27.5,32.55,8521168,normal,Buy,23,35.35
TENB,"Jul 29, 2026",31.7,32.59,31.12,31.48,3971890,normal,Buy,23,35.35
TENB,"Jul 28, 2026",32.43,32.69,31.18,31.37,3006183,normal,Buy,23,35.35
TENB,"Jul 27, 2026",32.33,33.57,32.33,32.44,2044238,normal,Buy,23,35.35
TENB,"Jul 24, 2026",31.2,32.48,30.71,32.25,2590157,normal,Buy,23,35.35
TENB,"Jul 23, 2026",33.32,33.57,31.57,31.62,3705884,normal,Buy,23,35.35
TENB,"Jul 22, 2026",34.17,35.2,31.91,32.83,5438011,normal,Buy,23,35.35
TENB,"Jul 21, 2026",36.25,37.23,33.5,34.09,5347217,normal,Buy,23,35.35
TENB,"Jul 20, 2026",39.56,40.19,37.68,37.76,2705956,normal,Buy,23,35.35
TENB,"Jul 17, 2026",38.9,41.34,38.78,39.88,2810367,normal,Buy,23,35.35
TENB,"Jul 16, 2026",40.52,40.83,38.97,39.77,3128689,normal,Buy,23,35.35
TENB,"Jul 15, 2026",43.02,43.67,39.91,40.19,3345997,normal,Buy,23,35.35
TENB,"Jul 14, 2026",38.64,43.05,38.0,42.65,4829574,normal,Buy,23,35.35
TENB,"Jul 13, 2026",39.99,40.5,38.5,39.2,2511675,normal,Buy,23,35.35
TENB,"Jul 10, 2026",42.0,42.11,39.74,39.78,2261742,normal,Buy,23,35.35
TENB,"Jul 9, 2026",38.37,41.66,38.26,41.37,3442619,normal,Buy,23,35.35
TENB,"Jul 8, 2026",39.33,40.75,38.66,39.53,4732172,normal,Buy,23,35.35
TENB,"Jul 7, 2026",42.06,42.94,40.49,40.62,4754963,normal,Buy,23,35.35
CCC,"Aug 18, 2026",6.74,6.81,6.63,6.72,507419,normal,Buy,11,8.75
CCC,"Aug 17, 2026",6.86,6.9,6.67,6.69,7871375,normal,Buy,11,8.75
CCC,"Aug 14, 2026",7.14,7.18,6.94,6.97,5144523,normal,Buy,11,8.75
CCC,"Aug 13, 2026",7.0,7.13,6.76,7.12,6327241,normal,Buy,11,8.75
CCC,"Aug 12, 2026",6.74,7.0,6.65,6.97,7083821,normal,Buy,11,8.75
CCC,"Aug 11, 2026",6.91,6.98,6.73,6.87,7619567,normal,Buy,11,8.75
CCC,"Aug 10, 2026",6.85,7.02,6.8,6.97,8462034,normal,Buy,11,8.75
CCC,"Aug 7, 2026",6.56,6.93,6.53,6.92,12024300,normal,Buy,11,8.75
CCC,"Aug 6, 2026",6.36,6.54,6.23,6.5,7423728,normal,Buy,11,8.75
CCC,"Aug 5, 2026",6.39,6.52,6.27,6.46,7242645,normal,Buy,11,8.75
CCC,"Aug 4, 2026",6.21,6.37,6.19,6.33,10102733,normal,Buy,11,8.75
CCC,"Aug 3, 2026",6.23,6.38,5.99,6.3,9709245,normal,Buy,11,8.75
CCC,"Jul 31, 2026",6.16,6.34,5.77,6.09,15945112,normal,Buy,11,8.75
CCC,"Jul 30, 2026",5.49,6.13,5.4,6.06,14633609,normal,Buy,11,8.75
CCC,"Jul 29, 2026",6.11,6.24,6.03,6.05,10652366,normal,Buy,11,8.75
CCC,"Jul 28, 2026",6.01,6.2,6.01,6.12,8690916,normal,Buy,11,8.75
CCC,"Jul 27, 2026",5.98,6.11,5.92,5.97,10990913,normal,Buy,11,8.75
CCC,"Jul 24, 2026",5.86,5.93,5.75,5.82,5408258,normal,Buy,11,8.75
CCC,"Jul 23, 2026",5.78,5.81,5.64,5.74,8927206,normal,Buy,11,8.75
CCC,"Jul 22, 2026",6.07,6.08,5.66,5.73,10214445,normal,Buy,11,8.75
CCC,"Jul 21, 2026",6.12,6.32,6.02,6.1,9779132,normal,Buy,11,8.75
CCC,"Jul 20, 2026",6.01,6.3,5.96,6.26,13115285,normal,Buy,11,8.75
CCC,"Jul 17, 2026",6.06,6.22,6.01,6.05,8087344,normal,Buy,11,8.75
CCC,"Jul 16, 2026",6.03,6.23,5.88,6.17,9856477,normal,Buy,11,8.75
CCC,"Jul 15, 2026",6.19,6.34,5.99,6.0,12135498,normal,Buy,11,8.75
CCC,"Jul 14, 2026",6.12,6.29,5.99,6.07,9073212,normal,Buy,11,8.75
CCC,"Jul 13, 2026",6.19,6.43,6.06,6.23,15809425,normal,Buy,11,8.75
CCC,"Jul 10, 2026",5.95,5.98,5.65,5.92,17312338,normal,Buy,11,8.75
CCC,"Jul 9, 2026",5.34,5.4,5.19,5.38,7659339,normal,Buy,11,8.75
CCC,"Jul 8, 2026",5.53,5.59,5.4,5.43,8065860,normal,Buy,11,8.75
LIF,"Aug 18, 2026",47.49,48.0,47.49,47.76,66355,normal,Buy,10,61.48
LIF,"Aug 17, 2026",50.56,50.96,48.32,50.18,1065242,normal,Buy,10,61.48
LIF,"Aug 14, 2026",50.56,52.58,50.25,51.21,910906,normal,Buy,10,61.48
LIF,"Aug 13, 2026",48.59,50.38,47.2,50.25,1499722,normal,Buy,10,61.48
LIF,"Aug 12, 2026",49.15,51.17,48.28,49.15,2223673,normal,Buy,10,61.48
LIF,"Aug 11, 2026",50.0,53.45,47.03,48.61,4223861,normal,Buy,10,61.48
LIF,"Aug 10, 2026",63.2,65.57,60.71,64.61,1118927,normal,Buy,10,61.48
LIF,"Aug 7, 2026",61.04,64.13,61.01,63.2,669503,normal,Buy,10,61.48
LIF,"Aug 6, 2026",59.9,60.93,58.64,59.69,479180,normal,Buy,10,61.48
LIF,"Aug 5, 2026",64.29,64.8,60.62,61.45,462590,normal,Buy,10,61.48
LIF,"Aug 4, 2026",58.7,64.04,58.7,63.97,1023187,normal,Buy,10,61.48
LIF,"Aug 3, 2026",54.9,56.56,53.83,56.31,522474,normal,Buy,10,61.48
LIF,"Jul 31, 2026",54.88,55.45,52.8,54.05,530271,normal,Buy,10,61.48
LIF,"Jul 30, 2026",54.63,55.8,53.64,55.68,465558,normal,Buy,10,61.48
LIF,"Jul 29, 2026",55.58,57.82,53.81,55.29,746904,normal,Buy,10,61.48
LIF,"Jul 28, 2026",53.99,56.69,53.32,56.68,576945,normal,Buy,10,61.48
LIF,"Jul 27, 2026",52.04,53.86,51.69,53.83,471726,normal,Buy,10,61.48
LIF,"Jul 24, 2026",49.55,50.05,48.28,48.86,418345,normal,Buy,10,61.48
LIF,"Jul 23, 2026",50.83,51.17,49.0,49.55,683710,normal,Buy,10,61.48
LIF,"Jul 22, 2026",54.08,54.49,51.42,52.03,540867,normal,Buy,10,61.48
LIF,"Jul 21, 2026",55.41,56.01,54.22,54.9,655846,normal,Buy,10,61.48
LIF,"Jul 20, 2026",53.95,54.77,53.63,53.93,324920,normal,Buy,10,61.48
LIF,"Jul 17, 2026",53.49,54.48,52.1,53.79,388061,normal,Buy,10,61.48
LIF,"Jul 16, 2026",56.09,56.78,54.73,55.17,679573,normal,Buy,10,61.48
LIF,"Jul 15, 2026",53.79,55.8,53.21,55.56,637616,normal,Buy,10,61.48
LIF,"Jul 14, 2026",51.11,54.43,50.27,53.0,560127,normal,Buy,10,61.48
LIF,"Jul 13, 2026",53.05,53.5,51.72,52.22,557832,normal,Buy,10,61.48
LIF,"Jul 10, 2026",56.49,56.49,53.93,54.57,434973,normal,Buy,10,61.48
LIF,"Jul 9, 2026",52.99,55.25,52.35,54.34,555861,normal,Buy,10,61.48
LIF,"Jul 8, 2026",54.46,55.24,52.74,53.8,622974,normal,Buy,10,61.48
VKTX,"Aug 18, 2026",33.42,33.94,33.32,33.5,113418,normal,Strong Buy,20,92.39
VKTX,"Aug 17, 2026",33.13,33.83,32.76,33.63,1522230,normal,Strong Buy,20,92.39
VKTX,"Aug 14, 2026",32.56,33.28,32.34,33.19,1176425,normal,Strong Buy,20,92.39
VKTX,"Aug 13, 2026",33.86,33.97,32.53,32.94,3700006,normal,Strong Buy,20,92.39
VKTX,"Aug 12, 2026",34.07,34.74,33.5,34.02,1449587,normal,Strong Buy,20,92.39
VKTX,"Aug 11, 2026",34.71,34.85,33.62,33.8,1006883,normal,Strong Buy,20,92.39
VKTX,"Aug 10, 2026",33.93,34.7,33.8,34.44,1518896,normal,Strong Buy,20,92.39
VKTX,"Aug 7, 2026",33.82,34.33,33.21,34.26,1396613,normal,Strong Buy,20,92.39
VKTX,"Aug 6, 2026",33.5,34.2,33.1,33.3,1277144,normal,Strong Buy,20,92.39
VKTX,"Aug 5, 2026",33.19,34.08,32.96,33.51,1580041,normal,Strong Buy,20,92.39
VKTX,"Aug 4, 2026",32.95,33.62,32.58,32.94,1700869,normal,Strong Buy,20,92.39
VKTX,"Aug 3, 2026",31.68,32.73,31.28,32.61,1598814,normal,Strong Buy,20,92.39
VKTX,"Jul 31, 2026",33.4,33.75,31.48,31.74,1867337,normal,Strong Buy,20,92.39
VKTX,"Jul 30, 2026",33.52,33.61,30.8,33.11,3503586,normal,Strong Buy,20,92.39
VKTX,"Jul 29, 2026",33.86,34.01,32.84,33.43,2902817,normal,Strong Buy,20,92.39
VKTX,"Jul 28, 2026",34.67,34.81,32.72,33.86,2330922,normal,Strong Buy,20,92.39
VKTX,"Jul 27, 2026",35.41,36.12,34.64,34.87,1890123,normal,Strong Buy,20,92.39
VKTX,"Jul 24, 2026",35.54,35.77,34.39,34.79,1838073,normal,Strong Buy,20,92.39
VKTX,"Jul 23, 2026",36.65,36.81,35.36,35.39,3246306,normal,Strong Buy,20,92.39
VKTX,"Jul 22, 2026",37.67,38.16,37.05,37.31,1347832,normal,Strong Buy,20,92.39
VKTX,"Jul 21, 2026",36.29,38.08,36.02,37.95,1790970,normal,Strong Buy,20,92.39
VKTX,"Jul 20, 2026",37.19,38.1,36.36,36.38,1911409,normal,Strong Buy,20,92.39
VKTX,"Jul 17, 2026",35.79,37.63,35.29,37.08,1922445,normal,Strong Buy,20,92.39
VKTX,"Jul 16, 2026",37.7,38.15,35.86,36.37,1529156,normal,Strong Buy,20,92.39
VKTX,"Jul 15, 2026",37.79,38.37,37.25,37.81,1228470,normal,Strong Buy,20,92.39
VKTX,"Jul 14, 2026",37.91,38.56,37.25,37.97,1341034,normal,Strong Buy,20,92.39
VKTX,"Jul 13, 2026",38.01,38.7,37.11,38.12,2006678,normal,Strong Buy,20,92.39
VKTX,"Jul 10, 2026",41.14,41.14,38.18,38.86,2158829,normal,Strong Buy,20,92.39
VKTX,"Jul 9, 2026",39.85,41.21,39.2,41.14,1722342,normal,Strong Buy,20,92.39
VKTX,"Jul 8, 2026",41.86,42.0,38.84,39.96,3341213,normal,Strong Buy,20,92.39
DNLI,"Aug 17, 2026",24.29,24.66,24.11,24.35,1003075,normal,Strong Buy,20,35.44
DNLI,"Aug 14, 2026",24.53,24.62,24.12,24.4,876213,normal,Strong Buy,20,35.44
DNLI,"Aug 13, 2026",25.24,25.64,24.81,24.82,1346749,normal,Strong Buy,20,35.44
DNLI,"Aug 12, 2026",24.51,25.34,24.2,25.27,1442227,normal,Strong Buy,20,35.44
DNLI,"Aug 11, 2026",25.07,25.29,24.59,24.69,1137956,normal,Strong Buy,20,35.44
DNLI,"Aug 10, 2026",24.71,25.04,24.21,25.0,1562835,normal,Strong Buy,20,35.44
DNLI,"Aug 7, 2026",25.41,25.74,24.24,24.83,1749076,normal,Strong Buy,20,35.44
DNLI,"Aug 6, 2026",24.48,24.99,24.37,24.73,3048576,normal,Strong Buy,20,35.44
DNLI,"Aug 5, 2026",24.29,24.55,23.96,24.42,1094202,normal,Strong Buy,20,35.44
DNLI,"Aug 4, 2026",23.55,24.3,23.23,24.17,993493,normal,Strong Buy,20,35.44
DNLI,"Aug 3, 2026",22.85,23.5,22.63,23.15,1475982,normal,Strong Buy,20,35.44
DNLI,"Jul 31, 2026",24.34,24.35,22.99,23.02,1232072,normal,Strong Buy,20,35.44
DNLI,"Jul 30, 2026",23.83,24.68,23.79,24.35,1117485,normal,Strong Buy,20,35.44
DNLI,"Jul 29, 2026",24.2,24.39,23.61,23.85,1375832,normal,Strong Buy,20,35.44
DNLI,"Jul 28, 2026",23.92,24.06,23.15,24.05,2106178,normal,Strong Buy,20,35.44
DNLI,"Jul 27, 2026",23.59,24.17,23.44,23.57,1746975,normal,Strong Buy,20,35.44
DNLI,"Jul 24, 2026",23.52,23.65,22.64,23.11,1162860,normal,Strong Buy,20,35.44
DNLI,"Jul 23, 2026",23.23,23.57,22.82,23.42,1112399,normal,Strong Buy,20,35.44
DNLI,"Jul 22, 2026",23.61,24.05,23.42,23.64,1320716,normal,Strong Buy,20,35.44
DNLI,"Jul 21, 2026",22.68,23.9,22.52,23.83,1124827,normal,Strong Buy,20,35.44
DNLI,"Jul 20, 2026",23.29,23.87,22.85,22.9,1183830,normal,Strong Buy,20,35.44
DNLI,"Jul 17, 2026",22.69,23.8,22.58,23.29,1611399,normal,Strong Buy,20,35.44
DNLI,"Jul 16, 2026",22.81,23.0,22.02,22.73,2441841,normal,Strong Buy,20,35.44
DNLI,"Jul 15, 2026",22.5,23.05,22.01,23.02,1889491,normal,Strong Buy,20,35.44
DNLI,"Jul 14, 2026",26.17,26.32,22.03,22.65,5776478,normal,Strong Buy,20,35.44
DNLI,"Jul 13, 2026",25.7,26.6,24.77,26.48,1894428,normal,Strong Buy,20,35.44
DNLI,"Jul 10, 2026",27.06,27.11,25.25,25.68,1383071,normal,Strong Buy,20,35.44
DNLI,"Jul 9, 2026",26.69,27.3,26.55,27.21,1567368,normal,Strong Buy,20,35.44
DNLI,"Jul 8, 2026",26.08,26.74,25.56,26.69,1300598,normal,Strong Buy,20,35.44
DNLI,"Jul 7, 2026",25.93,26.76,25.36,26.31,1437156,normal,Strong Buy,20,35.44
SRAD,"Aug 18, 2026",13.2,13.2,12.91,12.91,90903,normal,Buy,22,18.55
SRAD,"Aug 17, 2026",13.75,14.06,13.05,13.13,2330455,normal,Buy,22,18.55
SRAD,"Aug 14, 2026",13.74,13.84,13.39,13.82,2236351,normal,Buy,22,18.55
SRAD,"Aug 13, 2026",13.18,13.6,13.05,13.58,1918850,normal,Buy,22,18.55
SRAD,"Aug 12, 2026",13.21,13.32,12.98,12.99,1733111,normal,Buy,22,18.55
SRAD,"Aug 11, 2026",13.3,13.38,12.98,13.27,2601359,normal,Buy,22,18.55
SRAD,"Aug 10, 2026",12.91,13.44,12.81,13.34,2160231,normal,Buy,22,18.55
SRAD,"Aug 7, 2026",12.79,13.11,12.73,13.02,2591075,normal,Buy,22,18.55
SRAD,"Aug 6, 2026",12.53,12.83,12.53,12.7,2172452,normal,Buy,22,18.55
SRAD,"Aug 5, 2026",12.65,12.75,11.98,12.65,6480826,normal,Buy,22,18.55
SRAD,"Aug 4, 2026",12.14,13.0,12.08,12.91,7038586,normal,Buy,22,18.55
SRAD,"Aug 3, 2026",11.76,12.62,11.55,12.34,10569672,normal,Buy,22,18.55
SRAD,"Jul 31, 2026",14.77,14.8,14.29,14.54,3831032,normal,Buy,22,18.55
SRAD,"Jul 30, 2026",14.79,15.05,14.15,14.7,2970857,normal,Buy,22,18.55
SRAD,"Jul 29, 2026",14.77,15.02,14.64,14.95,1286499,normal,Buy,22,18.55
SRAD,"Jul 28, 2026",14.88,15.14,14.66,14.82,1090137,normal,Buy,22,18.55
SRAD,"Jul 27, 2026",14.55,14.84,14.54,14.68,967724,normal,Buy,22,18.55
SRAD,"Jul 24, 2026",14.56,14.59,14.26,14.29,1396635,normal,Buy,22,18.55
SRAD,"Jul 23, 2026",14.28,14.56,14.14,14.28,1658599,normal,Buy,22,18.55
SRAD,"Jul 22, 2026",14.48,14.65,14.21,14.28,2148546,normal,Buy,22,18.55
SRAD,"Jul 21, 2026",14.72,15.05,14.5,14.69,1810479,normal,Buy,22,18.55
SRAD,"Jul 20, 2026",14.56,15.08,14.38,14.91,2560579,normal,Buy,22,18.55
SRAD,"Jul 17, 2026",14.6,14.74,14.14,14.38,2895238,normal,Buy,22,18.55
SRAD,"Jul 16, 2026",15.25,15.42,14.78,14.84,2467880,normal,Buy,22,18.55
SRAD,"Jul 15, 2026",15.12,15.55,14.98,15.1,1954764,normal,Buy,22,18.55
SRAD,"Jul 14, 2026",15.52,15.72,14.93,15.03,2003855,normal,Buy,22,18.55
SRAD,"Jul 13, 2026",15.58,15.85,15.43,15.59,2157466,normal,Buy,22,18.55
SRAD,"Jul 10, 2026",15.68,15.99,15.43,15.45,1269994,normal,Buy,22,18.55
SRAD,"Jul 9, 2026",15.89,16.13,15.43,15.45,1879005,normal,Buy,22,18.55
SRAD,"Jul 8, 2026",15.67,16.24,15.6,16.16,1972416,normal,Buy,22,18.55
RCUS,"Aug 18, 2026",29.58,29.58,29.34,29.55,37057,normal,Strong Buy,13,38.33
RCUS,"Aug 17, 2026",29.32,30.05,28.92,29.56,2097557,normal,Strong Buy,13,38.33
RCUS,"Aug 14, 2026",28.55,29.68,27.97,29.48,1150167,normal,Strong Buy,13,38.33
RCUS,"Aug 13, 2026",29.13,29.3,28.62,28.86,984900,normal,Strong Buy,13,38.33
RCUS,"Aug 12, 2026",28.87,29.25,28.67,28.96,943712,normal,Strong Buy,13,38.33
RCUS,"Aug 11, 2026",28.82,29.35,27.95,28.74,766886,normal,Strong Buy,13,38.33
RCUS,"Aug 10, 2026",28.38,29.03,28.38,28.72,912399,normal,Strong Buy,13,38.33
RCUS,"Aug 7, 2026",28.98,29.12,28.01,28.62,1061478,normal,Strong Buy,13,38.33
RCUS,"Aug 6, 2026",29.4,29.43,27.29,28.33,2696647,normal,Strong Buy,13,38.33
RCUS,"Aug 5, 2026",28.89,29.44,27.7,27.7,1043703,normal,Strong Buy,13,38.33
RCUS,"Aug 4, 2026",28.21,28.87,27.98,28.8,845208,normal,Strong Buy,13,38.33
RCUS,"Aug 3, 2026",27.76,28.15,27.02,27.62,855936,normal,Strong Buy,13,38.33
RCUS,"Jul 31, 2026",28.35,28.37,27.25,28.19,1270988,normal,Strong Buy,13,38.33
RCUS,"Jul 30, 2026",27.31,28.55,26.91,28.25,813636,normal,Strong Buy,13,38.33
RCUS,"Jul 29, 2026",27.45,27.8,26.19,26.45,856159,normal,Strong Buy,13,38.33
RCUS,"Jul 28, 2026",27.59,27.59,26.39,27.05,1580323,normal,Strong Buy,13,38.33
RCUS,"Jul 27, 2026",28.67,29.63,27.83,27.84,1265810,normal,Strong Buy,13,38.33
RCUS,"Jul 24, 2026",30.02,30.17,28.33,28.42,1118021,normal,Strong Buy,13,38.33
RCUS,"Jul 23, 2026",30.0,31.09,29.56,29.73,1217569,normal,Strong Buy,13,38.33
RCUS,"Jul 22, 2026",29.21,30.02,28.68,29.97,1033868,normal,Strong Buy,13,38.33
RCUS,"Jul 21, 2026",28.56,29.57,28.21,29.48,1084056,normal,Strong Buy,13,38.33
RCUS,"Jul 20, 2026",28.01,29.54,28.01,28.17,1126474,normal,Strong Buy,13,38.33
RCUS,"Jul 17, 2026",26.01,27.84,25.68,27.37,781571,normal,Strong Buy,13,38.33
RCUS,"Jul 16, 2026",27.52,27.75,26.47,26.64,1303025,normal,Strong Buy,13,38.33
RCUS,"Jul 15, 2026",28.26,28.27,27.68,28.02,718651,normal,Strong Buy,13,38.33
RCUS,"Jul 14, 2026",28.33,28.59,27.84,28.33,801993,normal,Strong Buy,13,38.33
RCUS,"Jul 13, 2026",28.24,28.58,27.21,28.07,934866,normal,Strong Buy,13,38.33
RCUS,"Jul 10, 2026",29.79,29.79,28.13,28.92,811729,normal,Strong Buy,13,38.33
RCUS,"Jul 9, 2026",30.15,30.86,29.82,29.96,753229,normal,Strong Buy,13,38.33
RCUS,"Jul 8, 2026",29.89,30.74,29.31,30.26,1134965,normal,Strong Buy,13,38.33
FOUR,"Aug 18, 2026",44.87,47.82,44.87,47.82,139263,normal,Buy,24,53.3
FOUR,"Aug 17, 2026",44.68,45.09,43.51,44.35,995648,normal,Buy,24,53.3
FOUR,"Aug 14, 2026",48.08,48.13,45.23,45.37,1371391,normal,Buy,24,53.3
FOUR,"Aug 13, 2026",44.21,48.38,43.96,48.0,2168228,normal,Buy,24,53.3
FOUR,"Aug 12, 2026",40.53,44.22,40.32,43.92,1918326,normal,Buy,24,53.3
FOUR,"Aug 11, 2026",42.98,43.57,41.01,41.04,1359947,normal,Buy,24,53.3
FOUR,"Aug 10, 2026",40.39,43.37,40.08,43.16,2283247,normal,Buy,24,53.3
FOUR,"Aug 7, 2026",43.7,44.6,39.42,41.26,4683254,normal,Buy,24,53.3
FOUR,"Aug 6, 2026",47.45,47.45,42.43,43.36,4865631,normal,Buy,24,53.3
FOUR,"Aug 5, 2026",56.0,56.96,52.94,53.38,1415936,normal,Buy,24,53.3
FOUR,"Aug 4, 2026",53.28,55.71,53.22,55.61,1338557,normal,Buy,24,53.3
FOUR,"Aug 3, 2026",53.74,55.53,53.43,54.28,1166692,normal,Buy,24,53.3
FOUR,"Jul 31, 2026",52.7,53.84,51.46,53.0,855482,normal,Buy,24,53.3
FOUR,"Jul 30, 2026",54.65,54.86,52.12,53.73,1205215,normal,Buy,24,53.3
FOUR,"Jul 29, 2026",54.0,57.39,53.06,56.05,1210478,normal,Buy,24,53.3
FOUR,"Jul 28, 2026",50.46,55.08,50.03,54.84,1876406,normal,Buy,24,53.3
FOUR,"Jul 27, 2026",49.53,50.51,49.37,49.97,674736,normal,Buy,24,53.3
FOUR,"Jul 24, 2026",46.64,49.22,46.14,48.35,769721,normal,Buy,24,53.3
FOUR,"Jul 23, 2026",47.88,48.0,45.8,46.33,901157,normal,Buy,24,53.3
FOUR,"Jul 22, 2026",49.69,49.69,48.05,48.22,718302,normal,Buy,24,53.3
FOUR,"Jul 21, 2026",50.36,51.52,48.94,49.11,686491,normal,Buy,24,53.3
FOUR,"Jul 20, 2026",50.02,51.74,49.01,50.87,773613,normal,Buy,24,53.3
FOUR,"Jul 17, 2026",49.96,51.16,49.4,50.31,848586,normal,Buy,24,53.3
FOUR,"Jul 16, 2026",51.42,52.12,50.67,51.65,1197423,normal,Buy,24,53.3
FOUR,"Jul 15, 2026",51.0,53.96,50.65,51.01,1556829,normal,Buy,24,53.3
FOUR,"Jul 14, 2026",48.46,50.44,47.81,50.01,849079,normal,Buy,24,53.3
FOUR,"Jul 13, 2026",50.92,51.75,48.88,49.23,956399,normal,Buy,24,53.3
FOUR,"Jul 10, 2026",50.12,50.98,49.46,50.81,799200,normal,Buy,24,53.3
FOUR,"Jul 9, 2026",46.9,49.36,46.5,49.29,1081811,normal,Buy,24,53.3
FOUR,"Jul 8, 2026",49.85,49.85,46.97,47.82,1924246,normal,Buy,24,53.3
HTFL,"Aug 18, 2026",41.5,42.8,40.67,42.99,562033,normal,Buy,8,43.5
HTFL,"Aug 17, 2026",41.23,43.28,41.01,41.94,4098896,normal,Buy,8,43.5
HTFL,"Aug 14, 2026",39.06,43.0,36.04,42.08,9893816,normal,Buy,8,43.5
HTFL,"Aug 13, 2026",29.79,31.72,29.27,31.01,1693385,normal,Buy,8,43.5
HTFL,"Aug 12, 2026",29.59,30.22,28.65,29.85,1080928,normal,Buy,8,43.5
HTFL,"Aug 11, 2026",29.42,30.12,29.33,29.54,556326,normal,Buy,8,43.5
HTFL,"Aug 10, 2026",28.31,30.33,28.09,29.35,845423,normal,Buy,8,43.5
HTFL,"Aug 7, 2026",27.54,29.06,27.54,28.82,746207,normal,Buy,8,43.5
HTFL,"Aug 6, 2026",27.0,27.52,26.9,27.19,471027,normal,Buy,8,43.5
HTFL,"Aug 5, 2026",26.91,27.51,26.86,27.17,907702,normal,Buy,8,43.5
HTFL,"Aug 4, 2026",26.54,27.53,26.54,27.28,615649,normal,Buy,8,43.5
HTFL,"Aug 3, 2026",25.92,27.34,25.38,26.76,838663,normal,Buy,8,43.5
HTFL,"Jul 31, 2026",26.46,26.72,24.94,25.23,685284,normal,Buy,8,43.5
HTFL,"Jul 30, 2026",25.08,26.24,24.99,25.83,914876,normal,Buy,8,43.5
HTFL,"Jul 29, 2026",25.35,25.96,24.87,25.04,1002033,normal,Buy,8,43.5
HTFL,"Jul 28, 2026",25.25,26.16,24.65,25.59,1489373,normal,Buy,8,43.5
HTFL,"Jul 27, 2026",24.48,25.65,24.25,25.37,1640777,normal,Buy,8,43.5
HTFL,"Jul 24, 2026",24.98,25.98,24.04,24.12,878970,normal,Buy,8,43.5
HTFL,"Jul 23, 2026",24.11,24.66,23.89,24.61,1066838,normal,Buy,8,43.5
HTFL,"Jul 22, 2026",25.18,25.61,23.87,24.23,1114095,normal,Buy,8,43.5
HTFL,"Jul 21, 2026",24.66,25.72,24.56,25.44,895964,normal,Buy,8,43.5
HTFL,"Jul 20, 2026",24.66,25.16,24.07,24.56,1105701,normal,Buy,8,43.5
HTFL,"Jul 17, 2026",25.38,25.65,24.5,24.88,929531,normal,Buy,8,43.5
HTFL,"Jul 16, 2026",27.13,28.0,25.85,25.97,899415,normal,Buy,8,43.5
HTFL,"Jul 15, 2026",25.72,28.11,25.36,27.25,1143111,normal,Buy,8,43.5
HTFL,"Jul 14, 2026",26.25,26.64,25.07,25.49,1986660,normal,Buy,8,43.5
HTFL,"Jul 13, 2026",26.82,27.36,26.04,26.16,1075516,normal,Buy,8,43.5
HTFL,"Jul 10, 2026",27.75,28.35,26.29,26.72,923956,normal,Buy,8,43.5
HTFL,"Jul 9, 2026",26.19,27.78,26.09,27.72,1061041,normal,Buy,8,43.5
HTFL,"Jul 8, 2026",27.31,27.65,25.8,26.15,1280875,normal,Buy,8,43.5
PTRN,"Aug 17, 2026",21.27,21.35,20.19,20.67,2559470,normal,Strong Buy,9,28.13
PTRN,"Aug 14, 2026",22.75,23.09,21.26,21.44,1732400,normal,Strong Buy,9,28.13
PTRN,"Aug 13, 2026",22.36,22.96,21.87,22.82,1290416,normal,Strong Buy,9,28.13
PTRN,"Aug 12, 2026",22.36,22.54,21.62,22.46,1263016,normal,Strong Buy,9,28.13
PTRN,"Aug 11, 2026",21.01,22.64,20.87,22.36,1890294,normal,Strong Buy,9,28.13
PTRN,"Aug 10, 2026",22.05,22.4,20.7,21.12,1847648,normal,Strong Buy,9,28.13
PTRN,"Aug 7, 2026",22.71,22.84,21.57,22.05,1657563,normal,Strong Buy,9,28.13
PTRN,"Aug 6, 2026",22.49,22.49,19.5,22.09,3197318,normal,Strong Buy,9,28.13
PTRN,"Aug 5, 2026",24.2,25.28,23.54,23.63,3013633,normal,Strong Buy,9,28.13
PTRN,"Aug 4, 2026",24.28,25.85,23.56,23.67,2285501,normal,Strong Buy,9,28.13
PTRN,"Aug 3, 2026",23.98,25.0,23.81,24.28,1804333,normal,Strong Buy,9,28.13
PTRN,"Jul 31, 2026",24.14,24.17,22.98,23.02,1003446,normal,Strong Buy,9,28.13
PTRN,"Jul 30, 2026",23.26,23.99,23.05,23.95,1010319,normal,Strong Buy,9,28.13
PTRN,"Jul 29, 2026",22.84,23.76,22.61,23.05,1297254,normal,Strong Buy,9,28.13
PTRN,"Jul 28, 2026",23.03,23.68,22.07,23.14,1599899,normal,Strong Buy,9,28.13
PTRN,"Jul 27, 2026",22.43,23.67,21.79,23.29,1725761,normal,Strong Buy,9,28.13
PTRN,"Jul 24, 2026",23.38,23.46,22.06,22.17,1722501,normal,Strong Buy,9,28.13
PTRN,"Jul 23, 2026",24.56,24.74,22.88,23.49,2196154,normal,Strong Buy,9,28.13
PTRN,"Jul 22, 2026",26.21,26.25,24.67,24.81,1786918,normal,Strong Buy,9,28.13
PTRN,"Jul 21, 2026",27.78,28.14,25.9,26.25,2187113,normal,Strong Buy,9,28.13
PTRN,"Jul 20, 2026",28.11,28.68,27.45,28.01,1260998,normal,Strong Buy,9,28.13
PTRN,"Jul 17, 2026",28.28,28.97,27.85,28.11,1841235,normal,Strong Buy,9,28.13
PTRN,"Jul 16, 2026",29.13,29.8,28.49,28.92,2419948,normal,Strong Buy,9,28.13
PTRN,"Jul 15, 2026",28.29,29.6,28.08,29.18,2534165,normal,Strong Buy,9,28.13
PTRN,"Jul 14, 2026",27.8,28.87,27.5,28.08,1807528,normal,Strong Buy,9,28.13
PTRN,"Jul 13, 2026",28.76,29.52,28.12,28.44,1162270,normal,Strong Buy,9,28.13
PTRN,"Jul 10, 2026",29.6,29.63,28.58,28.95,1535931,normal,Strong Buy,9,28.13
PTRN,"Jul 9, 2026",27.61,29.42,27.48,29.4,2260275,normal,Strong Buy,9,28.13
PTRN,"Jul 8, 2026",28.09,28.43,26.82,27.61,2260918,normal,Strong Buy,9,28.13
PTRN,"Jul 7, 2026",28.53,29.0,27.86,28.3,1785927,normal,Strong Buy,9,28.13
BLSH,"Aug 18, 2026",24.58,24.58,24.58,24.58,63888,normal,Buy,10,38.67
BLSH,"Aug 17, 2026",24.34,25.59,24.28,24.96,2427992,normal,Buy,10,38.67
BLSH,"Aug 14, 2026",27.41,27.42,24.26,24.39,3091506,normal,Buy,10,38.67
BLSH,"Aug 13, 2026",25.0,28.24,25.0,27.48,3446113,normal,Buy,10,38.67
BLSH,"Aug 12, 2026",24.79,25.01,24.01,24.63,1309517,normal,Buy,10,38.67
BLSH,"Aug 11, 2026",24.88,24.89,24.16,24.52,797045,normal,Buy,10,38.67
BLSH,"Aug 10, 2026",24.0,24.66,23.43,24.54,922350,normal,Buy,10,38.67
BLSH,"Aug 7, 2026",23.37,24.0,23.01,23.62,977462,normal,Buy,10,38.67
BLSH,"Aug 6, 2026",23.47,23.75,23.0,23.04,637766,normal,Buy,10,38.67
BLSH,"Aug 5, 2026",23.85,24.06,22.93,23.84,785315,normal,Buy,10,38.67
BLSH,"Aug 4, 2026",23.06,23.85,22.64,23.8,890418,normal,Buy,10,38.67
BLSH,"Aug 3, 2026",21.52,23.27,21.35,22.93,1506486,normal,Buy,10,38.67
BLSH,"Jul 31, 2026",22.07,22.21,20.55,21.79,3247975,normal,Buy,10,38.67
BLSH,"Jul 30, 2026",21.9,22.71,21.73,22.59,1127578,normal,Buy,10,38.67
BLSH,"Jul 29, 2026",22.82,23.08,21.73,21.84,1376632,normal,Buy,10,38.67
BLSH,"Jul 28, 2026",22.23,23.04,21.87,22.69,1680459,normal,Buy,10,38.67
BLSH,"Jul 27, 2026",24.32,24.35,22.29,22.8,2462946,normal,Buy,10,38.67
BLSH,"Jul 24, 2026",24.38,24.89,23.52,23.96,2196868,normal,Buy,10,38.67
BLSH,"Jul 23, 2026",23.23,24.7,23.07,24.24,1343780,normal,Buy,10,38.67
BLSH,"Jul 22, 2026",24.37,25.14,23.44,23.66,994621,normal,Buy,10,38.67
BLSH,"Jul 21, 2026",23.24,24.83,23.24,24.77,1338033,normal,Buy,10,38.67
BLSH,"Jul 20, 2026",22.36,23.3,21.84,22.69,1210826,normal,Buy,10,38.67
BLSH,"Jul 17, 2026",22.6,23.44,22.32,22.41,1226385,normal,Buy,10,38.67
BLSH,"Jul 16, 2026",24.89,24.9,23.31,23.35,1151528,normal,Buy,10,38.67
BLSH,"Jul 15, 2026",25.43,25.81,24.51,25.13,1009373,normal,Buy,10,38.67
BLSH,"Jul 14, 2026",23.4,25.34,23.27,24.85,1448249,normal,Buy,10,38.67
BLSH,"Jul 13, 2026",24.0,24.83,22.56,22.87,1144094,normal,Buy,10,38.67
BLSH,"Jul 10, 2026",25.45,25.5,24.21,24.23,805815,normal,Buy,10,38.67
BLSH,"Jul 9, 2026",24.98,25.25,24.37,24.8,878130,normal,Buy,10,38.67
BLSH,"Jul 8, 2026",24.96,25.77,24.8,25.5,1059797,normal,Buy,10,38.67
CSQR,"Aug 18, 2026",22.5,22.68,22.02,22.49,8503,normal,Buy,10,28.5
CSQR,"Aug 17, 2026",22.72,22.72,21.71,22.55,591468,normal,Buy,10,28.5
CSQR,"Aug 14, 2026",22.95,23.05,22.0,22.72,419622,normal,Buy,10,28.5
CSQR,"Aug 13, 2026",23.04,23.43,22.22,22.85,438766,normal,Buy,10,28.5
CSQR,"Aug 12, 2026",22.58,23.03,21.93,22.98,612486,normal,Buy,10,28.5
CSQR,"Aug 11, 2026",21.82,22.5,21.22,22.36,954629,normal,Buy,10,28.5
CSQR,"Aug 10, 2026",21.62,22.28,21.16,21.6,824567,normal,Buy,10,28.5
CSQR,"Aug 7, 2026",19.78,21.59,19.62,21.52,879686,normal,Buy,10,28.5
CSQR,"Aug 6, 2026",20.0,20.79,19.59,20.07,557156,normal,Buy,10,28.5
CSQR,"Aug 5, 2026",20.77,20.85,20.04,20.29,466712,normal,Buy,10,28.5
CSQR,"Aug 4, 2026",20.12,21.04,19.57,20.77,725016,normal,Buy,10,28.5
CSQR,"Aug 3, 2026",19.9,20.42,19.5,20.26,728248,normal,Buy,10,28.5
CSQR,"Jul 31, 2026",20.82,21.02,19.91,19.96,1035414,normal,Buy,10,28.5
CSQR,"Jul 30, 2026",20.71,21.74,20.33,20.97,1747372,normal,Buy,10,28.5
CSQR,"Jul 29, 2026",21.47,21.83,20.51,20.68,2852908,normal,Buy,10,28.5
CSQR,"Jul 28, 2026",21.73,22.02,21.11,21.69,1554997,normal,Buy,10,28.5
CSQR,"Jul 27, 2026",22.77,23.5,21.74,21.95,1413572,normal,Buy,10,28.5
CSQR,"Jul 24, 2026",21.5,23.44,21.5,22.77,2887636,normal,Buy,10,28.5
CSQR,"Jul 23, 2026",21.55,21.98,21.43,21.51,1794312,normal,Buy,10,28.5
CSQR,"Jul 22, 2026",20.99,22.13,20.8,21.57,6053112,normal,Buy,10,28.5
CSQR,"Jul 21, 2026",20.0,21.05,19.93,20.89,1721159,normal,Buy,10,28.5
CSQR,"Jul 20, 2026",20.38,20.6,19.8,20.0,1378319,normal,Buy,10,28.5
CSQR,"Jul 17, 2026",20.35,20.66,19.75,20.4,2809591,normal,Buy,10,28.5
ABCL,"Aug 18, 2026",10.8,11.08,10.7,11.15,1472392,normal,Strong Buy,9,17.13
ABCL,"Aug 17, 2026",11.3,11.65,10.6,11.2,7706702,normal,Strong Buy,9,17.13
ABCL,"Aug 14, 2026",10.84,11.5,10.47,11.38,12300763,normal,Strong Buy,9,17.13
ABCL,"Aug 13, 2026",10.32,11.07,10.22,10.97,19044445,normal,Strong Buy,9,17.13
ABCL,"Aug 12, 2026",9.22,10.38,9.0,10.36,14492287,normal,Strong Buy,9,17.13
ABCL,"Aug 11, 2026",9.42,10.29,9.02,9.76,17003981,normal,Strong Buy,9,17.13
ABCL,"Aug 10, 2026",8.76,10.01,8.4,9.34,45394594,normal,Strong Buy,9,17.13
ABCL,"Aug 7, 2026",6.65,6.99,6.35,6.93,5848044,normal,Strong Buy,9,17.13
ABCL,"Aug 6, 2026",5.79,6.57,5.62,6.53,8110657,normal,Strong Buy,9,17.13
ABCL,"Aug 5, 2026",6.05,6.21,5.84,5.92,4356810,normal,Strong Buy,9,17.13
ABCL,"Aug 4, 2026",5.97,6.14,5.87,6.09,3935036,normal,Strong Buy,9,17.13
ABCL,"Aug 3, 2026",5.71,6.05,5.57,5.83,3387358,normal,Strong Buy,9,17.13
ABCL,"Jul 31, 2026",5.7,5.87,5.51,5.71,4987659,normal,Strong Buy,9,17.13
ABCL,"Jul 30, 2026",5.53,5.72,5.35,5.69,4304447,normal,Strong Buy,9,17.13
ABCL,"Jul 29, 2026",5.34,5.58,5.23,5.39,5964751,normal,Strong Buy,9,17.13
ABCL,"Jul 28, 2026",5.2,5.39,4.98,5.29,5823262,normal,Strong Buy,9,17.13
ABCL,"Jul 27, 2026",5.41,5.5,5.24,5.25,4146600,normal,Strong Buy,9,17.13
ABCL,"Jul 24, 2026",5.67,5.74,5.29,5.31,4176790,normal,Strong Buy,9,17.13
ABCL,"Jul 23, 2026",5.69,5.87,5.6,5.67,2856794,normal,Strong Buy,9,17.13
ABCL,"Jul 22, 2026",5.92,6.06,5.71,5.73,2512747,normal,Strong Buy,9,17.13
ABCL,"Jul 21, 2026",5.82,6.05,5.54,5.97,5066443,normal,Strong Buy,9,17.13
ABCL,"Jul 20, 2026",6.34,6.47,5.79,5.8,6318314,normal,Strong Buy,9,17.13
ABCL,"Jul 17, 2026",6.04,6.55,5.95,6.47,4192779,normal,Strong Buy,9,17.13
ABCL,"Jul 16, 2026",6.65,6.66,6.05,6.16,7399762,normal,Strong Buy,9,17.13
ABCL,"Jul 15, 2026",6.86,6.93,6.62,6.74,3720405,normal,Strong Buy,9,17.13
ABCL,"Jul 14, 2026",6.69,6.88,6.45,6.74,4219203,normal,Strong Buy,9,17.13
ABCL,"Jul 13, 2026",6.71,6.77,6.4,6.52,3998375,normal,Strong Buy,9,17.13
ABCL,"Jul 10, 2026",7.29,7.29,6.6,6.8,5362487,normal,Strong Buy,9,17.13
ABCL,"Jul 9, 2026",7.01,7.51,6.82,7.29,5391682,normal,Strong Buy,9,17.13
ABCL,"Jul 8, 2026",7.39,7.7,7.04,7.1,9370344,normal,Strong Buy,9,17.13
IDYA,"Aug 17, 2026",36.04,36.82,35.8,36.54,427743,normal,Strong Buy,15,52.15
IDYA,"Aug 14, 2026",36.68,36.68,35.66,36.3,434477,normal,Strong Buy,15,52.15
IDYA,"Aug 13, 2026",36.92,37.63,36.62,36.68,466190,normal,Strong Buy,15,52.15
IDYA,"Aug 12, 2026",36.75,37.2,36.46,36.96,508706,normal,Strong Buy,15,52.15
IDYA,"Aug 11, 2026",36.48,37.35,36.03,36.84,486099,normal,Strong Buy,15,52.15
IDYA,"Aug 10, 2026",36.98,37.48,36.18,36.74,717235,normal,Strong Buy,15,52.15
IDYA,"Aug 7, 2026",36.5,37.03,36.27,37.02,602270,normal,Strong Buy,15,52.15
IDYA,"Aug 6, 2026",36.07,36.92,36.0,36.24,497463,normal,Strong Buy,15,52.15
IDYA,"Aug 5, 2026",36.27,36.97,35.78,36.04,929208,normal,Strong Buy,15,52.15
IDYA,"Aug 4, 2026",36.3,36.72,35.21,36.11,1249907,normal,Strong Buy,15,52.15
IDYA,"Aug 3, 2026",35.13,35.99,34.56,35.4,393593,normal,Strong Buy,15,52.15
IDYA,"Jul 31, 2026",36.37,36.63,35.29,35.5,481960,normal,Strong Buy,15,52.15
IDYA,"Jul 30, 2026",35.5,36.48,35.2,36.4,738650,normal,Strong Buy,15,52.15
IDYA,"Jul 29, 2026",36.11,36.5,35.42,35.59,992820,normal,Strong Buy,15,52.15
IDYA,"Jul 28, 2026",36.77,36.98,35.55,36.16,655270,normal,Strong Buy,15,52.15
IDYA,"Jul 27, 2026",36.36,37.06,35.17,36.77,1172729,normal,Strong Buy,15,52.15
IDYA,"Jul 24, 2026",36.9,37.9,35.27,35.4,901710,normal,Strong Buy,15,52.15
IDYA,"Jul 23, 2026",34.7,36.39,34.01,36.23,847692,normal,Strong Buy,15,52.15
IDYA,"Jul 22, 2026",35.68,35.83,34.92,35.0,564234,normal,Strong Buy,15,52.15
IDYA,"Jul 21, 2026",35.47,36.17,35.47,35.99,602019,normal,Strong Buy,15,52.15
IDYA,"Jul 20, 2026",36.16,36.55,35.42,35.45,645058,normal,Strong Buy,15,52.15
IDYA,"Jul 17, 2026",35.19,36.73,35.11,36.01,938875,normal,Strong Buy,15,52.15
IDYA,"Jul 16, 2026",36.56,36.85,35.4,35.93,822865,normal,Strong Buy,15,52.15
IDYA,"Jul 15, 2026",36.53,37.01,36.19,36.74,580359,normal,Strong Buy,15,52.15
IDYA,"Jul 14, 2026",36.83,36.83,36.09,36.65,1214533,normal,Strong Buy,15,52.15
IDYA,"Jul 13, 2026",36.43,36.48,35.44,36.15,653487,normal,Strong Buy,15,52.15
IDYA,"Jul 10, 2026",37.01,37.42,35.92,36.99,677503,normal,Strong Buy,15,52.15
IDYA,"Jul 9, 2026",37.72,38.46,37.24,37.28,983833,normal,Strong Buy,15,52.15
IDYA,"Jul 8, 2026",39.88,40.1,37.65,37.96,1437646,normal,Strong Buy,15,52.15
IDYA,"Jul 7, 2026",39.23,40.58,38.63,40.51,1507036,normal,Strong Buy,15,52.15
NVTS,"Aug 18, 2026",13.7,13.9,13.42,13.8,2267390,normal,Hold,8,14.08
NVTS,"Aug 17, 2026",14.94,14.95,14.15,14.58,14282340,normal,Hold,8,14.08
NVTS,"Aug 14, 2026",13.77,14.73,13.72,14.45,16450912,normal,Hold,8,14.08
NVTS,"Aug 13, 2026",13.78,14.35,13.61,13.66,11961313,normal,Hold,8,14.08
NVTS,"Aug 12, 2026",14.34,14.53,13.82,13.93,13264771,normal,Hold,8,14.08
NVTS,"Aug 11, 2026",13.62,13.71,12.95,13.6,9539624,normal,Hold,8,14.08
NVTS,"Aug 10, 2026",14.17,14.28,13.16,13.17,12991134,normal,Hold,8,14.08
NVTS,"Aug 7, 2026",12.86,14.06,12.81,13.89,17926234,normal,Hold,8,14.08
NVTS,"Aug 6, 2026",11.88,13.26,11.76,12.4,11278517,normal,Hold,8,14.08
NVTS,"Aug 5, 2026",12.27,12.96,12.2,12.35,11589280,normal,Hold,8,14.08
NVTS,"Aug 4, 2026",12.35,12.85,12.06,12.69,12993237,normal,Hold,8,14.08
NVTS,"Aug 3, 2026",10.47,11.88,10.33,11.52,16716927,normal,Hold,8,14.08
NVTS,"Jul 31, 2026",11.62,11.76,10.6,10.86,13098208,normal,Hold,8,14.08
NVTS,"Jul 30, 2026",10.46,11.22,10.41,11.01,16914436,normal,Hold,8,14.08
NVTS,"Jul 29, 2026",9.86,11.04,9.72,9.74,21947314,normal,Hold,8,14.08
NVTS,"Jul 28, 2026",10.21,10.39,9.43,10.01,28807642,normal,Hold,8,14.08
NVTS,"Jul 27, 2026",11.28,11.74,10.83,11.41,22199858,normal,Hold,8,14.08
NVTS,"Jul 24, 2026",12.08,12.08,10.9,10.92,13682807,normal,Hold,8,14.08
NVTS,"Jul 23, 2026",11.97,12.8,11.76,12.03,12691769,normal,Hold,8,14.08
NVTS,"Jul 22, 2026",12.37,13.23,12.29,12.67,12894348,normal,Hold,8,14.08
NVTS,"Jul 21, 2026",12.05,12.86,11.95,12.83,12369706,normal,Hold,8,14.08
NVTS,"Jul 20, 2026",11.65,12.28,11.52,11.54,11290362,normal,Hold,8,14.08
NVTS,"Jul 17, 2026",11.2,12.07,10.74,11.46,13266915,normal,Hold,8,14.08
NVTS,"Jul 16, 2026",12.65,12.87,11.57,11.76,15055181,normal,Hold,8,14.08
NVTS,"Jul 15, 2026",13.17,13.6,12.57,13.27,13992550,normal,Hold,8,14.08
NVTS,"Jul 14, 2026",13.68,13.73,12.79,13.09,10144804,normal,Hold,8,14.08
NVTS,"Jul 13, 2026",13.01,13.14,12.58,12.87,12117116,normal,Hold,8,14.08
NVTS,"Jul 10, 2026",13.56,13.79,13.17,13.47,11144186,normal,Hold,8,14.08
NVTS,"Jul 9, 2026",14.06,14.53,13.84,14.18,15730698,normal,Hold,8,14.08
NVTS,"Jul 8, 2026",13.4,13.5,12.66,13.36,19215865,normal,Hold,8,14.08
LPL,"Aug 17, 2026",3.52,3.56,3.48,3.53,1946799,normal,Hold,2,4.31
LPL,"Aug 14, 2026",3.54,3.61,3.47,3.5,2257249,normal,Hold,2,4.31
LPL,"Aug 13, 2026",3.4,3.43,3.36,3.37,2492347,normal,Hold,2,4.31
LPL,"Aug 12, 2026",3.53,3.53,3.39,3.46,3794777,normal,Hold,2,4.31
LPL,"Aug 11, 2026",3.46,3.49,3.41,3.43,1881023,normal,Hold,2,4.31
LPL,"Aug 10, 2026",3.38,3.44,3.36,3.36,2461156,normal,Hold,2,4.31
LPL,"Aug 7, 2026",3.34,3.36,3.25,3.3,2854529,normal,Hold,2,4.31
LPL,"Aug 6, 2026",3.23,3.27,3.16,3.24,1833626,normal,Hold,2,4.31
LPL,"Aug 5, 2026",3.21,3.33,3.21,3.26,3451171,normal,Hold,2,4.31
LPL,"Aug 4, 2026",3.26,3.3,3.21,3.23,3425741,normal,Hold,2,4.31
LPL,"Aug 3, 2026",3.09,3.12,3.04,3.07,3706720,normal,Hold,2,4.31
LPL,"Jul 31, 2026",3.14,3.15,2.96,3.0,3916248,normal,Hold,2,4.31
LPL,"Jul 30, 2026",2.96,3.02,2.93,2.98,4076075,normal,Hold,2,4.31
LPL,"Jul 29, 2026",2.92,2.97,2.76,2.79,4758364,normal,Hold,2,4.31
LPL,"Jul 28, 2026",3.11,3.11,2.88,2.93,3291064,normal,Hold,2,4.31
LPL,"Jul 27, 2026",3.19,3.2,3.09,3.14,4130286,normal,Hold,2,4.31
LPL,"Jul 24, 2026",3.28,3.32,3.16,3.17,2869965,normal,Hold,2,4.31
LPL,"Jul 23, 2026",3.46,3.51,3.32,3.37,3220360,normal,Hold,2,4.31
LPL,"Jul 22, 2026",3.4,3.4,3.28,3.29,2884364,normal,Hold,2,4.31
LPL,"Jul 21, 2026",3.29,3.32,3.22,3.26,1826507,normal,Hold,2,4.31
LPL,"Jul 20, 2026",3.3,3.32,3.16,3.19,3273684,normal,Hold,2,4.31
LPL,"Jul 17, 2026",3.33,3.33,3.19,3.29,2702056,normal,Hold,2,4.31
LPL,"Jul 16, 2026",3.48,3.51,3.35,3.38,2080190,normal,Hold,2,4.31
LPL,"Jul 15, 2026",3.63,3.66,3.51,3.55,2847088,normal,Hold,2,4.31
LPL,"Jul 14, 2026",3.64,3.68,3.35,3.51,13168425,normal,Hold,2,4.31
LPL,"Jul 13, 2026",3.59,3.6,3.54,3.59,2795762,normal,Hold,2,4.31
LPL,"Jul 10, 2026",3.72,3.78,3.7,3.71,1748420,normal,Hold,2,4.31
LPL,"Jul 9, 2026",3.74,3.74,3.62,3.68,2362617,normal,Hold,2,4.31
LPL,"Jul 8, 2026",3.68,3.83,3.68,3.82,2161731,normal,Hold,2,4.31
LPL,"Jul 7, 2026",3.54,3.61,3.49,3.6,2714498,normal,Hold,2,4.31
NATL,"Aug 17, 2026",46.67,46.96,46.3,46.31,593417,normal,Hold,4,50.27
NATL,"Aug 14, 2026",46.9,47.1,46.85,46.93,556263,normal,Hold,4,50.27
NATL,"Aug 13, 2026",46.04,47.3,46.04,46.98,856319,normal,Hold,4,50.27
NATL,"Aug 12, 2026",46.86,47.02,46.63,46.92,671534,normal,Hold,4,50.27
NATL,"Aug 11, 2026",46.5,46.92,46.28,46.86,641470,normal,Hold,4,50.27
NATL,"Aug 10, 2026",46.4,46.6,46.15,46.4,747764,normal,Hold,4,50.27
NATL,"Aug 7, 2026",46.53,46.79,46.29,46.58,575439,normal,Hold,4,50.27
NATL,"Aug 6, 2026",47.04,47.16,46.04,46.54,629064,normal,Hold,4,50.27
NATL,"Aug 5, 2026",48.0,48.0,46.22,46.81,913819,normal,Hold,4,50.27
NATL,"Aug 4, 2026",46.55,47.11,46.27,47.0,488005,normal,Hold,4,50.27
NATL,"Aug 3, 2026",47.05,47.66,46.48,46.61,889048,normal,Hold,4,50.27
NATL,"Jul 31, 2026",46.66,47.07,46.34,47.03,591386,normal,Hold,4,50.27
NATL,"Jul 30, 2026",47.45,47.59,46.86,46.89,471704,normal,Hold,4,50.27
NATL,"Jul 29, 2026",46.99,47.93,46.5,47.51,986673,normal,Hold,4,50.27
NATL,"Jul 28, 2026",47.24,47.28,46.45,47.06,484171,normal,Hold,4,50.27
NATL,"Jul 27, 2026",47.66,47.84,46.99,47.03,678111,normal,Hold,4,50.27
NATL,"Jul 24, 2026",47.8,47.9,47.28,47.75,448570,normal,Hold,4,50.27
NATL,"Jul 23, 2026",47.22,47.99,47.22,47.55,732160,normal,Hold,4,50.27
NATL,"Jul 22, 2026",48.0,48.2,47.56,47.81,507282,normal,Hold,4,50.27
NATL,"Jul 21, 2026",47.25,47.96,47.18,47.94,648427,normal,Hold,4,50.27
NATL,"Jul 20, 2026",47.29,47.76,47.13,47.21,493615,normal,Hold,4,50.27
NATL,"Jul 17, 2026",46.77,47.53,46.69,47.43,508534,normal,Hold,4,50.27
NATL,"Jul 16, 2026",46.44,47.13,46.23,47.11,618240,normal,Hold,4,50.27
NATL,"Jul 15, 2026",45.81,46.39,45.65,46.2,277140,normal,Hold,4,50.27
NATL,"Jul 14, 2026",45.6,45.78,45.35,45.7,295782,normal,Hold,4,50.27
NATL,"Jul 13, 2026",45.19,45.53,45.12,45.47,284826,normal,Hold,4,50.27
NATL,"Jul 10, 2026",44.83,45.01,44.65,44.93,458513,normal,Hold,4,50.27
NATL,"Jul 9, 2026",44.76,45.16,44.54,44.77,531558,normal,Hold,4,50.27
NATL,"Jul 8, 2026",44.75,44.95,44.5,44.79,368630,normal,Hold,4,50.27
NATL,"Jul 7, 2026",45.38,45.43,44.82,44.88,422389,normal,Hold,4,50.27
XNDU,"Aug 17, 2026",11.53,11.57,11.16,11.25,764457,normal,Strong Buy,3,33.0
XNDU,"Aug 14, 2026",10.89,11.79,10.78,11.53,1309041,normal,Strong Buy,3,33.0
XNDU,"Aug 13, 2026",10.53,11.16,10.48,10.78,1001910,normal,Strong Buy,3,33.0
XNDU,"Aug 12, 2026",10.5,10.67,10.35,10.62,800925,normal,Strong Buy,3,33.0
XNDU,"Aug 11, 2026",10.66,10.71,10.31,10.34,583244,normal,Strong Buy,3,33.0
XNDU,"Aug 10, 2026",10.87,11.04,10.53,10.55,1047406,normal,Strong Buy,3,33.0
XNDU,"Aug 7, 2026",10.65,11.06,10.5,11.0,707379,normal,Strong Buy,3,33.0
XNDU,"Aug 6, 2026",10.57,10.88,10.23,10.39,1094037,normal,Strong Buy,3,33.0
XNDU,"Aug 5, 2026",11.48,11.56,11.13,11.45,834016,normal,Strong Buy,3,33.0
XNDU,"Aug 4, 2026",11.47,11.86,11.19,11.6,1290680,normal,Strong Buy,3,33.0
XNDU,"Aug 3, 2026",10.7,11.44,10.58,11.31,879337,normal,Strong Buy,3,33.0
XNDU,"Jul 31, 2026",11.03,11.33,10.67,10.76,1010595,normal,Strong Buy,3,33.0
XNDU,"Jul 30, 2026",9.94,11.1,9.92,11.02,1284507,normal,Strong Buy,3,33.0
XNDU,"Jul 29, 2026",10.14,10.27,9.72,9.75,988174,normal,Strong Buy,3,33.0
XNDU,"Jul 28, 2026",10.08,10.24,9.57,10.02,1111774,normal,Strong Buy,3,33.0
XNDU,"Jul 27, 2026",10.5,10.8,9.98,10.2,1126106,normal,Strong Buy,3,33.0
XNDU,"Jul 24, 2026",10.87,10.87,10.24,10.28,833232,normal,Strong Buy,3,33.0
XNDU,"Jul 23, 2026",10.75,11.27,10.6,10.75,598368,normal,Strong Buy,3,33.0
XNDU,"Jul 22, 2026",10.81,11.2,10.75,11.05,802395,normal,Strong Buy,3,33.0
XNDU,"Jul 21, 2026",10.98,11.22,10.84,10.92,901402,normal,Strong Buy,3,33.0
XNDU,"Jul 20, 2026",9.99,11.15,9.98,10.84,1403709,normal,Strong Buy,3,33.0
XNDU,"Jul 17, 2026",9.9,10.21,9.5,9.99,1752444,normal,Strong Buy,3,33.0
XNDU,"Jul 16, 2026",10.6,10.6,10.18,10.18,1088491,normal,Strong Buy,3,33.0
XNDU,"Jul 15, 2026",11.1,11.44,10.7,10.86,955917,normal,Strong Buy,3,33.0
XNDU,"Jul 14, 2026",10.81,11.2,10.59,11.1,987919,normal,Strong Buy,3,33.0
XNDU,"Jul 13, 2026",10.92,10.99,10.46,10.5,1159838,normal,Strong Buy,3,33.0
XNDU,"Jul 10, 2026",11.32,11.32,11.01,11.17,936528,normal,Strong Buy,3,33.0
XNDU,"Jul 9, 2026",11.21,11.56,11.12,11.27,1303594,normal,Strong Buy,3,33.0
XNDU,"Jul 8, 2026",10.88,11.37,10.88,11.21,1012610,normal,Strong Buy,3,33.0
XNDU,"Jul 7, 2026",11.64,11.98,11.2,11.3,1533676,normal,Strong Buy,3,33.0
FRSH,"Aug 18, 2026",12.48,12.74,12.44,12.69,576364,normal,Buy,16,14.38
FRSH,"Aug 17, 2026",12.43,12.56,12.18,12.33,8912851,normal,Buy,16,14.38
FRSH,"Aug 14, 2026",12.73,12.75,12.35,12.66,11008573,normal,Buy,16,14.38
FRSH,"Aug 13, 2026",11.77,12.8,11.64,12.68,9884946,normal,Buy,16,14.38
FRSH,"Aug 12, 2026",11.68,11.87,11.56,11.65,4860450,normal,Buy,16,14.38
FRSH,"Aug 11, 2026",11.75,12.08,11.75,11.97,6453418,normal,Buy,16,14.38
FRSH,"Aug 10, 2026",11.58,12.04,11.53,11.98,6165846,normal,Buy,16,14.38
FRSH,"Aug 7, 2026",11.84,12.02,11.66,11.84,6715611,normal,Buy,16,14.38
FRSH,"Aug 6, 2026",11.13,11.69,10.87,11.59,8042048,normal,Buy,16,14.38
FRSH,"Aug 5, 2026",11.8,12.2,11.48,11.52,9865789,normal,Buy,16,14.38
FRSH,"Aug 4, 2026",11.57,12.12,11.55,12.04,8398944,normal,Buy,16,14.38
FRSH,"Aug 3, 2026",11.75,12.07,11.71,11.77,7631130,normal,Buy,16,14.38
FRSH,"Jul 31, 2026",11.09,11.46,11.06,11.36,9360460,normal,Buy,16,14.38
FRSH,"Jul 30, 2026",11.3,11.38,10.88,11.26,11357062,normal,Buy,16,14.38
FRSH,"Jul 29, 2026",10.89,11.74,10.89,11.61,13599031,normal,Buy,16,14.38
FRSH,"Jul 28, 2026",10.84,11.3,10.83,11.18,9332227,normal,Buy,16,14.38
FRSH,"Jul 27, 2026",10.56,11.12,10.53,10.82,12079045,normal,Buy,16,14.38
FRSH,"Jul 24, 2026",9.97,10.35,9.97,10.27,18596000,normal,Buy,16,14.38
FRSH,"Jul 23, 2026",10.27,10.35,9.77,9.77,9065159,normal,Buy,16,14.38
FRSH,"Jul 22, 2026",10.68,10.68,9.9,10.06,15651907,normal,Buy,16,14.38
FRSH,"Jul 21, 2026",10.76,11.09,10.58,10.69,17870994,normal,Buy,16,14.38
FRSH,"Jul 20, 2026",10.78,11.22,10.63,11.05,22379339,normal,Buy,16,14.38
FRSH,"Jul 17, 2026",10.79,11.06,10.72,10.89,14934289,normal,Buy,16,14.38
FRSH,"Jul 16, 2026",10.77,11.04,10.5,10.95,15573704,normal,Buy,16,14.38
FRSH,"Jul 15, 2026",10.62,10.9,10.57,10.61,15483030,normal,Buy,16,14.38
FRSH,"Jul 14, 2026",10.43,10.87,10.32,10.47,10286261,normal,Buy,16,14.38
FRSH,"Jul 13, 2026",10.49,11.01,10.44,10.83,14065698,normal,Buy,16,14.38
FRSH,"Jul 10, 2026",10.67,10.7,10.09,10.36,20238588,normal,Buy,16,14.38
FRSH,"Jul 9, 2026",9.75,10.42,9.75,10.4,26346462,normal,Buy,16,14.38
FRSH,"Jul 8, 2026",10.16,10.34,10.01,10.17,41164185,normal,Buy,16,14.38
KC,"Aug 18, 2026",11.06,11.13,11.06,11.12,109544,normal,Strong Buy,14,19.7
KC,"Aug 17, 2026",11.58,11.58,11.35,11.39,1890829,normal,Strong Buy,14,19.7
KC,"Aug 14, 2026",11.75,11.82,11.64,11.71,895765,normal,Strong Buy,14,19.7
KC,"Aug 13, 2026",11.42,11.6,11.3,11.41,1241111,normal,Strong Buy,14,19.7
KC,"Aug 12, 2026",11.88,11.88,11.59,11.75,651623,normal,Strong Buy,14,19.7
KC,"Aug 11, 2026",11.83,11.88,11.7,11.75,537231,normal,Strong Buy,14,19.7
KC,"Aug 10, 2026",11.78,11.99,11.66,11.96,2118858,normal,Strong Buy,14,19.7
KC,"Aug 7, 2026",12.33,12.36,12.13,12.33,739154,normal,Strong Buy,14,19.7
KC,"Aug 6, 2026",12.14,12.19,11.96,12.15,973363,normal,Strong Buy,14,19.7
KC,"Aug 5, 2026",12.91,13.05,12.43,12.51,2453908,normal,Strong Buy,14,19.7
KC,"Aug 4, 2026",12.8,13.14,12.64,13.08,3517587,normal,Strong Buy,14,19.7
KC,"Aug 3, 2026",11.55,12.41,11.51,11.9,4038639,normal,Strong Buy,14,19.7
KC,"Jul 31, 2026",11.07,11.2,10.79,11.15,2395446,normal,Strong Buy,14,19.7
KC,"Jul 30, 2026",9.82,10.16,9.71,10.14,1001883,normal,Strong Buy,14,19.7
KC,"Jul 29, 2026",10.19,10.33,9.88,9.9,1263722,normal,Strong Buy,14,19.7
KC,"Jul 28, 2026",9.76,10.15,9.75,10.11,1150387,normal,Strong Buy,14,19.7
KC,"Jul 27, 2026",10.01,10.02,9.75,9.93,896152,normal,Strong Buy,14,19.7
KC,"Jul 24, 2026",9.65,9.69,9.43,9.47,933378,normal,Strong Buy,14,19.7
KC,"Jul 23, 2026",9.86,9.96,9.59,9.69,870300,normal,Strong Buy,14,19.7
KC,"Jul 22, 2026",9.97,9.97,9.73,9.76,586846,normal,Strong Buy,14,19.7
KC,"Jul 21, 2026",10.04,10.23,9.95,10.05,990251,normal,Strong Buy,14,19.7
KC,"Jul 20, 2026",9.94,10.27,9.94,10.04,867875,normal,Strong Buy,14,19.7
KC,"Jul 17, 2026",9.53,9.66,9.29,9.54,1784587,normal,Strong Buy,14,19.7
KC,"Jul 16, 2026",10.53,10.53,10.03,10.06,1992804,normal,Strong Buy,14,19.7
KC,"Jul 15, 2026",9.96,10.31,9.96,10.03,1143605,normal,Strong Buy,14,19.7
KC,"Jul 14, 2026",9.81,10.2,9.69,9.73,2121436,normal,Strong Buy,14,19.7
KC,"Jul 13, 2026",10.51,10.6,10.38,10.39,825884,normal,Strong Buy,14,19.7
KC,"Jul 10, 2026",10.94,11.16,10.89,10.91,1496468,normal,Strong Buy,14,19.7
KC,"Jul 9, 2026",10.28,10.58,10.24,10.47,1112504,normal,Strong Buy,14,19.7
KC,"Jul 8, 2026",10.41,10.68,10.21,10.52,4720800,normal,Strong Buy,14,19.7
LFTO,"Aug 18, 2026",19.51,20.05,19.5,19.69,99108,normal,Buy,15,35.54
LFTO,"Aug 17, 2026",21.0,21.3,19.33,19.53,1388590,normal,Buy,15,35.54
LFTO,"Aug 14, 2026",20.57,22.4,20.22,21.61,2358974,normal,Buy,15,35.54
LFTO,"Aug 13, 2026",23.84,23.86,19.81,20.06,3216415,normal,Buy,15,35.54
LFTO,"Aug 12, 2026",24.35,25.45,23.0,25.26,1301478,normal,Buy,15,35.54
LFTO,"Aug 11, 2026",25.39,25.79,23.85,24.16,543709,normal,Buy,15,35.54
LFTO,"Aug 10, 2026",25.32,26.26,24.89,25.31,503957,normal,Buy,15,35.54
LFTO,"Aug 7, 2026",23.45,25.93,22.82,25.73,763077,normal,Buy,15,35.54
LFTO,"Aug 6, 2026",25.33,25.4,21.6,23.33,1185223,normal,Buy,15,35.54
LFTO,"Aug 5, 2026",25.34,26.5,24.84,25.69,746319,normal,Buy,15,35.54
LFTO,"Aug 4, 2026",22.96,25.97,22.51,25.51,1047014,normal,Buy,15,35.54
LFTO,"Aug 3, 2026",22.31,22.82,22.19,22.44,399619,normal,Buy,15,35.54
LFTO,"Jul 31, 2026",21.88,22.42,21.56,22.2,602062,normal,Buy,15,35.54
LFTO,"Jul 30, 2026",22.26,22.67,21.85,21.96,460855,normal,Buy,15,35.54
LFTO,"Jul 29, 2026",22.04,22.49,21.43,22.23,769489,normal,Buy,15,35.54
LFTO,"Jul 28, 2026",22.74,22.94,22.03,22.21,307406,normal,Buy,15,35.54
LFTO,"Jul 27, 2026",22.32,22.95,22.04,22.81,288578,normal,Buy,15,35.54
LFTO,"Jul 24, 2026",22.24,22.49,21.63,22.14,282037,normal,Buy,15,35.54
LFTO,"Jul 23, 2026",22.34,22.99,21.5,22.26,503518,normal,Buy,15,35.54
LFTO,"Jul 22, 2026",22.52,22.68,22.0,22.34,452298,normal,Buy,15,35.54
LFTO,"Jul 21, 2026",22.8,23.6,22.44,22.6,495700,normal,Buy,15,35.54
LFTO,"Jul 20, 2026",22.51,23.89,22.16,23.16,409697,normal,Buy,15,35.54
LFTO,"Jul 17, 2026",22.3,23.29,22.0,22.61,443241,normal,Buy,15,35.54
LFTO,"Jul 16, 2026",23.64,24.02,22.53,22.66,519088,normal,Buy,15,35.54
LFTO,"Jul 15, 2026",23.38,24.23,23.24,24.07,626130,normal,Buy,15,35.54
LFTO,"Jul 14, 2026",24.3,24.59,22.53,23.38,459049,normal,Buy,15,35.54
LFTO,"Jul 13, 2026",24.4,25.43,23.7,23.97,610051,normal,Buy,15,35.54
LFTO,"Jul 10, 2026",24.79,25.72,24.42,24.83,772015,normal,Buy,15,35.54
LFTO,"Jul 9, 2026",23.25,25.96,23.13,24.79,762307,normal,Buy,15,35.54
LFTO,"Jul 8, 2026",21.87,23.83,21.87,23.63,590056,normal,Buy,15,35.54
QURE,"Aug 17, 2026",48.08,48.5,46.87,47.97,838296,normal,Strong Buy,12,69.48
QURE,"Aug 14, 2026",47.06,48.7,46.31,48.62,956378,normal,Strong Buy,12,69.48
QURE,"Aug 13, 2026",44.96,47.27,44.22,47.06,1121759,normal,Strong Buy,12,69.48
QURE,"Aug 12, 2026",45.11,46.15,44.93,45.13,736121,normal,Strong Buy,12,69.48
QURE,"Aug 11, 2026",46.01,46.5,44.64,45.0,982607,normal,Strong Buy,12,69.48
QURE,"Aug 10, 2026",46.06,47.0,45.12,46.06,1096629,normal,Strong Buy,12,69.48
QURE,"Aug 7, 2026",46.59,48.11,45.02,46.42,1802795,normal,Strong Buy,12,69.48
QURE,"Aug 6, 2026",44.15,45.48,43.9,45.36,1229704,normal,Strong Buy,12,69.48
QURE,"Aug 5, 2026",43.9,44.51,43.22,44.24,795046,normal,Strong Buy,12,69.48
QURE,"Aug 4, 2026",44.21,44.73,42.56,43.68,1287404,normal,Strong Buy,12,69.48
QURE,"Aug 3, 2026",43.67,44.76,42.22,44.06,1056048,normal,Strong Buy,12,69.48
QURE,"Jul 31, 2026",43.65,44.99,43.0,43.63,1695193,normal,Strong Buy,12,69.48
QURE,"Jul 30, 2026",41.69,42.56,39.92,42.19,1961641,normal,Strong Buy,12,69.48
QURE,"Jul 29, 2026",38.0,42.0,37.43,40.07,3859414,normal,Strong Buy,12,69.48
QURE,"Jul 28, 2026",37.59,38.02,35.34,36.66,3011614,normal,Strong Buy,12,69.48
QURE,"Jul 27, 2026",38.5,40.0,38.16,38.21,1475411,normal,Strong Buy,12,69.48
QURE,"Jul 24, 2026",39.3,39.44,37.33,38.97,1345885,normal,Strong Buy,12,69.48
QURE,"Jul 23, 2026",39.9,40.5,38.86,39.43,837063,normal,Strong Buy,12,69.48
QURE,"Jul 22, 2026",39.8,40.86,39.39,40.38,1054020,normal,Strong Buy,12,69.48
QURE,"Jul 21, 2026",40.22,40.73,39.63,40.09,849235,normal,Strong Buy,12,69.48
QURE,"Jul 20, 2026",40.22,41.92,39.59,39.7,1071006,normal,Strong Buy,12,69.48
QURE,"Jul 17, 2026",39.12,41.04,38.2,40.25,958200,normal,Strong Buy,12,69.48
QURE,"Jul 16, 2026",40.0,40.66,39.01,39.36,1257234,normal,Strong Buy,12,69.48
QURE,"Jul 15, 2026",41.12,41.55,40.12,41.0,914599,normal,Strong Buy,12,69.48
QURE,"Jul 14, 2026",41.12,43.16,41.01,41.52,985195,normal,Strong Buy,12,69.48
QURE,"Jul 13, 2026",41.87,42.52,40.3,41.1,1460403,normal,Strong Buy,12,69.48
QURE,"Jul 10, 2026",44.48,44.85,41.02,42.63,1140261,normal,Strong Buy,12,69.48
QURE,"Jul 9, 2026",43.08,44.57,42.86,44.48,1160186,normal,Strong Buy,12,69.48
QURE,"Jul 8, 2026",41.42,43.59,40.75,43.49,1904916,normal,Strong Buy,12,69.48
QURE,"Jul 7, 2026",41.91,42.0,39.5,41.41,2221344,normal,Strong Buy,12,69.48
PONY,"Aug 18, 2026",7.54,7.54,7.16,7.35,1230069,normal,Strong Buy,18,20.91
PONY,"Aug 17, 2026",8.16,8.16,7.86,7.98,3578323,normal,Strong Buy,18,20.91
PONY,"Aug 14, 2026",8.33,8.43,8.08,8.14,2955433,normal,Strong Buy,18,20.91
PONY,"Aug 13, 2026",8.2,8.4,8.06,8.33,2424568,normal,Strong Buy,18,20.91
PONY,"Aug 12, 2026",8.46,8.51,8.06,8.2,3059890,normal,Strong Buy,18,20.91
PONY,"Aug 11, 2026",8.46,8.63,8.41,8.47,2567730,normal,Strong Buy,18,20.91
PONY,"Aug 10, 2026",8.13,8.54,8.09,8.46,4749186,normal,Strong Buy,18,20.91
PONY,"Aug 7, 2026",7.99,8.15,7.83,8.15,2207947,normal,Strong Buy,18,20.91
PONY,"Aug 6, 2026",7.64,7.83,7.54,7.78,1913170,normal,Strong Buy,18,20.91
PONY,"Aug 5, 2026",8.0,8.14,7.76,7.81,3756542,normal,Strong Buy,18,20.91
PONY,"Aug 4, 2026",7.92,8.08,7.82,8.03,2412330,normal,Strong Buy,18,20.91
PONY,"Aug 3, 2026",7.85,8.13,7.73,8.05,2304157,normal,Strong Buy,18,20.91
PONY,"Jul 31, 2026",7.99,7.99,7.69,7.87,6902179,normal,Strong Buy,18,20.91
PONY,"Jul 30, 2026",7.56,8.01,7.55,7.94,3075366,normal,Strong Buy,18,20.91
PONY,"Jul 29, 2026",7.62,8.02,7.56,7.66,5048517,normal,Strong Buy,18,20.91
PONY,"Jul 28, 2026",7.32,7.61,7.21,7.58,2903771,normal,Strong Buy,18,20.91
PONY,"Jul 27, 2026",7.38,7.55,7.24,7.38,2929111,normal,Strong Buy,18,20.91
PONY,"Jul 24, 2026",7.2,7.41,7.01,7.13,4780066,normal,Strong Buy,18,20.91
PONY,"Jul 23, 2026",6.86,7.43,6.83,7.32,5967027,normal,Strong Buy,18,20.91
PONY,"Jul 22, 2026",6.88,6.99,6.75,6.83,2083321,normal,Strong Buy,18,20.91
PONY,"Jul 21, 2026",6.95,7.11,6.86,6.91,3406630,normal,Strong Buy,18,20.91
PONY,"Jul 20, 2026",6.72,6.89,6.62,6.71,2405600,normal,Strong Buy,18,20.91
PONY,"Jul 17, 2026",6.61,6.77,6.46,6.66,3229255,normal,Strong Buy,18,20.91
PONY,"Jul 16, 2026",7.12,7.17,6.95,6.98,2868141,normal,Strong Buy,18,20.91
PONY,"Jul 15, 2026",7.11,7.28,7.08,7.15,2886574,normal,Strong Buy,18,20.91
PONY,"Jul 14, 2026",6.88,7.0,6.8,6.95,2839146,normal,Strong Buy,18,20.91
PONY,"Jul 13, 2026",6.54,6.73,6.37,6.69,3771716,normal,Strong Buy,18,20.91
PONY,"Jul 10, 2026",6.78,6.91,6.59,6.59,2281890,normal,Strong Buy,18,20.91
PONY,"Jul 9, 2026",6.7,6.89,6.57,6.73,2254536,normal,Strong Buy,18,20.91
PONY,"Jul 8, 2026",6.53,7.03,6.53,6.79,4620447,normal,Strong Buy,18,20.91
